{"operationConfig":{"name":"konyevents_vw_rating_details_read2409","cachable":false,"smsEnabled":false,"security":"public","responseEncoding":"UTF-8","httpMethod":"GET","decodeResponseBody":false,"oMapping":"<?xml version=\"1.0\" encoding=\"UTF-8\" standalone=\"yes\"?><mapper xmlns=\"http://www.kony.com/ns/mapper\">  <map inputpath=\"response_in\" outputpath=\"response_out\">    <map inputpath=\"vw_rating_details\" outputpath=\"vw_rating_details\">    <set-param inputpath=\"image\" outputpath=\"image\"/>    <set-param inputpath=\"rating_average\" outputpath=\"rating_average\"/>    <set-param inputpath=\"review\" outputpath=\"review\"/>    <set-param inputpath=\"rating_value\" outputpath=\"rating_value\"/>    <set-param inputpath=\"speaker_name\" outputpath=\"speaker_name\"/>  </map>    </map></mapper>","applyCommonMapping":false,"backendMeta":{"serviceVersion":"1.0","operationName":"konyevents_vw_rating_details_read","serviceName":"fetchEvents"},"relationshipHierarchyMapping":{"children":[],"name":"vw_rating_details","selected":true}}}