{"operationConfig":{"name":"konyevents_vw_schedule_list_read9270","cachable":false,"smsEnabled":false,"security":"public","responseEncoding":"UTF-8","httpMethod":"GET","decodeResponseBody":false,"oMapping":"<?xml version=\"1.0\" encoding=\"UTF-8\" standalone=\"yes\"?><mapper xmlns=\"http://www.kony.com/ns/mapper\">        <map inputpath=\"response_in\" outputpath=\"response_out\">                <map inputpath=\"vw_schedule_list\" outputpath=\"vw_schedule_list\">                      <set-param inputpath=\"rating_average\" outputpath=\"rating_average\"/>                      <set-param inputpath=\"venue_hall_id\" outputpath=\"venue_hall_id\"/>                      <set-param inputpath=\"address_line_two\" outputpath=\"address_line_two\"/>                      <set-param inputpath=\"speaker_id\" outputpath=\"speaker_id\"/>                      <set-param inputpath=\"address_id\" outputpath=\"address_id\"/>                      <set-param inputpath=\"session_id\" outputpath=\"session_id\"/>                      <set-param inputpath=\"description\" outputpath=\"description\"/>                      <set-param inputpath=\"title\" outputpath=\"title\"/>                      <set-param inputpath=\"address_line_one\" outputpath=\"address_line_one\"/>                      <set-param inputpath=\"no_of_votes\" outputpath=\"no_of_votes\"/>                      <set-param inputpath=\"speaker_count\" outputpath=\"speaker_count\"/>                      <set-param inputpath=\"event_id\" outputpath=\"event_id\"/>                      <set-param inputpath=\"rating_id\" outputpath=\"rating_id\"/>                      <set-param inputpath=\"venue_hall_name\" outputpath=\"venue_hall_name\"/>                      <set-param inputpath=\"break_session\" outputpath=\"break_session\"/>                      <set-param inputpath=\"speaker_image_id\" outputpath=\"speaker_image_id\"/>       <set-param inputpath=\"speaker_image_id_blob\" outputpath=\"speaker_image_id_blob\"/>       <set-param inputpath=\"track_name\" outputpath=\"track_name\"/>                      <set-param inputpath=\"session_date\" outputpath=\"session_date\"/>                      <set-param inputpath=\"start_time\" outputpath=\"start_time\"/>                      <set-param inputpath=\"end_time\" outputpath=\"end_time\"/>                </map>          </map></mapper>","applyCommonMapping":false,"backendMeta":{"serviceVersion":"1.0","operationName":"konyevents_vw_schedule_list_read","serviceName":"fetchEvents"},"relationshipHierarchyMapping":{"children":[],"name":"vw_schedule_list","selected":true}}}