{"operationConfig":{"name":"konyevents_vw_session_resource_read1460","cachable":false,"smsEnabled":false,"security":"public","responseEncoding":"UTF-8","httpMethod":"GET","decodeResponseBody":false,"oMapping":"<?xml version=\"1.0\" encoding=\"UTF-8\" standalone=\"yes\"?><mapper xmlns=\"http://www.kony.com/ns/mapper\">  <map inputpath=\"response_in\" outputpath=\"response_out\">    <map inputpath=\"vw_session_resource\" outputpath=\"vw_session_resource\">    <set-param inputpath=\"file_url\" outputpath=\"file_url\"/>    <set-param inputpath=\"file_type\" outputpath=\"file_type\"/>    <set-param inputpath=\"session_id\" outputpath=\"session_id\"/>    <set-param inputpath=\"resource_id\" outputpath=\"resource_id\"/>  </map>    </map></mapper>","applyCommonMapping":false,"backendMeta":{"serviceVersion":"1.0","operationName":"konyevents_vw_session_resource_read","serviceName":"fetchEvents"},"relationshipHierarchyMapping":{"children":[],"name":"vw_session_resource_detail","selected":true}}}