{"operationConfig":{"name":"konyevents_vw_user_session_details_read4744","cachable":false,"smsEnabled":false,"security":"public","responseEncoding":"UTF-8","httpMethod":"GET","decodeResponseBody":false,"oMapping":"<?xml version=\"1.0\" encoding=\"UTF-8\" standalone=\"yes\"?><mapper xmlns=\"http://www.kony.com/ns/mapper\">  <map inputpath=\"response_in\" outputpath=\"response_out\">    <map inputpath=\"vw_user_session_details\" outputpath=\"vw_user_session_details\">    <set-param inputpath=\"event_id\" outputpath=\"event_id\"/>    <set-param inputpath=\"mail_id\" outputpath=\"mail_id\"/>    <set-param inputpath=\"user_id\" outputpath=\"user_id\"/>    <set-param inputpath=\"session_id\" outputpath=\"session_id\"/>      <set-param inputpath=\"title\" outputpath=\"title\"/>      <set-param inputpath=\"start_time\" outputpath=\"start_time\"/>      <set-param inputpath=\"end_time\" outputpath=\"end_time\"/>      <set-param inputpath=\"date\" outputpath=\"date\"/>    <set-param inputpath=\"title\" outputpath=\"title\"/>  </map>    </map></mapper>","applyCommonMapping":false,"backendMeta":{"serviceVersion":"1.0","operationName":"konyevents_vw_user_session_details_read","serviceName":"fetchEvents"},"relationshipHierarchyMapping":{"children":[],"name":"vw_user_session_details","selected":true}}}