[{"name":"image_id","sourceFieldname":"icon_id","description":"icon_id","dataType":"number","hasIndex":false,"unique":false,"primarykey":false,"namefield":false,"nullable":true,"custom":false,"createable":true,"updateable":true,"audit":false,"customizable":false,"fieldProperties":{"autoGenerated":"false"}},{"name":"long_desc","sourceFieldname":"long_desc","description":"long_desc","dataType":"string","hasIndex":false,"unique":false,"primarykey":false,"namefield":false,"nullable":true,"custom":false,"createable":true,"updateable":true,"audit":false,"customizable":false,"fieldProperties":{"autoGenerated":"false"}},{"name":"name","sourceFieldname":"name","description":"name","dataType":"string","hasIndex":false,"unique":false,"primarykey":false,"namefield":false,"nullable":true,"custom":false,"createable":true,"updateable":true,"audit":false,"customizable":false,"fieldProperties":{"autoGenerated":"false"}},{"name":"product_id","sourceFieldname":"product_id","description":"product_id","dataType":"number","hasIndex":false,"unique":true,"primarykey":true,"namefield":false,"nullable":false,"custom":false,"createable":true,"updateable":true,"audit":false,"customizable":false,"fieldProperties":{"autoGenerated":"false"}},{"name":"short_desc","sourceFieldname":"short_desc","description":"short_desc","dataType":"string","hasIndex":false,"unique":false,"primarykey":false,"namefield":false,"nullable":true,"custom":false,"createable":true,"updateable":true,"audit":false,"customizable":false,"fieldProperties":{"autoGenerated":"false"}}]