{"operationConfig":{"name":"konyevents_vw_venue_attractions_details_read5708","cachable":false,"smsEnabled":false,"security":"public","responseEncoding":"UTF-8","httpMethod":"GET","decodeResponseBody":false,"oMapping":"<?xml version=\"1.0\" encoding=\"UTF-8\" standalone=\"yes\"?><mapper xmlns=\"http://www.kony.com/ns/mapper\">  <map inputpath=\"response_in\" outputpath=\"response_out\">    <map inputpath=\"vw_venue_attractions_details\" outputpath=\"vw_venue_attractions_details\">    <set-param inputpath=\"venue_name\" outputpath=\"venue_name\"/>    <set-param inputpath=\"attractions_id\" outputpath=\"attractions_id\"/>    <set-param inputpath=\"latitude\" outputpath=\"latitude\"/>    <set-param inputpath=\"is_disabled\" outputpath=\"is_disabled\"/>    <set-param inputpath=\"venue_address_id\" outputpath=\"venue_address_id\"/>    <set-param inputpath=\"detail\" outputpath=\"detail\"/>    <set-param inputpath=\"title\" outputpath=\"title\"/>    <set-param inputpath=\"venue_id\" outputpath=\"venue_id\"/>    <set-param inputpath=\"at_venue_id\" outputpath=\"at_venue_id\"/>    <set-param inputpath=\"longitude\" outputpath=\"longitude\"/>  </map>  </map></mapper>","applyCommonMapping":false,"backendMeta":{"serviceVersion":"1.0","operationName":"konyevents_vw_venue_attractions_details_read","serviceName":"fetchEvents"},"relationshipHierarchyMapping":{"children":[],"name":"venue_attractions_details","selected":true}}}