{"operationConfig":{"name":"konyevents_vw_product_images_read9067","cachable":false,"smsEnabled":false,"security":"public","responseEncoding":"UTF-8","httpMethod":"GET","decodeResponseBody":false,"oMapping":"<?xml version=\"1.0\" encoding=\"UTF-8\" standalone=\"yes\"?><mapper xmlns=\"http://www.kony.com/ns/mapper\">    <map inputpath=\"response_in\" outputpath=\"response_out\">      <map inputpath=\"vw_product_images\" outputpath=\"vw_product_images\">          <set-param inputpath=\"upload_id\" outputpath=\"upload_id\"/>          <set-param inputpath=\"product_id\" outputpath=\"product_id\"/>          <set-param inputpath=\"name\" outputpath=\"name\"/>          <set-param inputpath=\"short_desc\" outputpath=\"short_desc\"/>          <set-param inputpath=\"long_desc\" outputpath=\"long_desc\"/>        <set-param inputpath=\"upload_id_blob\" outputpath=\"upload_id_blob\"/>     </map>    </map></mapper>","applyCommonMapping":false,"backendMeta":{"serviceVersion":"1.0","operationName":"konyevents_vw_product_images_read","serviceName":"fetchEvents"},"relationshipHierarchyMapping":{"children":[],"name":"vw_product_images","selected":true}}}