{"operationConfig":{"name":"konyevents_vw_attendee_details_read3619","cachable":false,"smsEnabled":false,"security":"public","responseEncoding":"UTF-8","httpMethod":"GET","decodeResponseBody":false,"oMapping":"<?xml version=\"1.0\" encoding=\"UTF-8\" standalone=\"yes\"?><mapper xmlns=\"http://www.kony.com/ns/mapper\">    <map inputpath=\"response_in\" outputpath=\"response_out\">         <map inputpath=\"vw_attendee_details\" outputpath=\"vw_attendee_details\">           <set-param inputpath=\"twitter\" outputpath=\"twitter\"/>           <set-param inputpath=\"event_id\" outputpath=\"event_id\"/>           <set-param inputpath=\"upload_id\" outputpath=\"upload_id\"/>           <set-param inputpath=\"user_id\" outputpath=\"user_id\"/>           <set-param inputpath=\"phone\" outputpath=\"phone\"/>           <set-param inputpath=\"facebook\" outputpath=\"facebook\"/>           <set-param inputpath=\"name\" outputpath=\"name\"/>           <set-param inputpath=\"organisation\" outputpath=\"organisation\"/>           <set-param inputpath=\"designation\" outputpath=\"designation\"/>           <set-param inputpath=\"linkedin\" outputpath=\"linkedin\"/>           <set-param inputpath=\"googleplus\" outputpath=\"googleplus\"/>        <set-param inputpath=\"upload_id_blob\" outputpath=\"upload_id_blob\"/>    </map>    </map></mapper>","applyCommonMapping":false,"backendMeta":{"serviceVersion":"1.0","operationName":"konyevents_vw_attendee_details_read","serviceName":"fetchEvents"},"relationshipHierarchyMapping":{"children":[],"name":"vw_attendee_details","selected":true}}}