[{"name":"file_type","sourceFieldname":"file_type","description":"file_type","dataType":"string","hasIndex":false,"unique":false,"primarykey":false,"namefield":false,"nullable":true,"custom":false,"createable":true,"updateable":true,"audit":false,"customizable":false,"fieldProperties":{"autoGenerated":"false"}},{"name":"file_url","sourceFieldname":"file_url","description":"file_url","dataType":"string","hasIndex":false,"unique":false,"primarykey":false,"namefield":false,"nullable":true,"custom":false,"createable":true,"updateable":true,"audit":false,"customizable":false,"fieldProperties":{"autoGenerated":"false"}},{"name":"resource_id","sourceFieldname":"resource_id","description":"resource_id","dataType":"number","hasIndex":false,"unique":false,"primarykey":false,"namefield":false,"nullable":true,"custom":false,"createable":true,"updateable":true,"audit":false,"customizable":false,"fieldProperties":{"autoGenerated":"false"}},{"name":"session_id","sourceFieldname":"session_id","description":"session_id","dataType":"number","hasIndex":false,"unique":false,"primarykey":false,"namefield":false,"nullable":true,"custom":false,"createable":true,"updateable":true,"audit":false,"customizable":false,"fieldProperties":{"autoGenerated":"false"}}]