{"operationConfig":{"name":"konyevents_vw_session_speaker_detail_read1199","cachable":false,"smsEnabled":false,"security":"public","responseEncoding":"UTF-8","httpMethod":"GET","decodeResponseBody":false,"oMapping":"<?xml version=\"1.0\" encoding=\"UTF-8\" standalone=\"yes\"?><mapper xmlns=\"http://www.kony.com/ns/mapper\">      <map inputpath=\"response_in\" outputpath=\"response_out\">            <map inputpath=\"vw_session_speaker_detail\" outputpath=\"vw_session_speaker_detail\">                  <set-param inputpath=\"upload_id\" outputpath=\"upload_id\"/>                <set-param inputpath=\"speaker_id\" outputpath=\"speaker_id\"/>                <set-param inputpath=\"speaker_name\" outputpath=\"speaker_name\"/>                <set-param inputpath=\"session_id\" outputpath=\"session_id\"/>                <set-param inputpath=\"speaker_dept\" outputpath=\"speaker_dept\"/>                <set-param inputpath=\"speaker_job_title\" outputpath=\"speaker_job_title\"/>                <set-param inputpath=\"speaker_details\" outputpath=\"speaker_details\"/>              <set-param inputpath=\"upload_id_blob\" outputpath=\"upload_id_blob\"/>         </map>         </map></mapper>","applyCommonMapping":false,"backendMeta":{"serviceVersion":"1.0","operationName":"konyevents_vw_session_speaker_detail_read","serviceName":"fetchEvents"},"relationshipHierarchyMapping":{"children":[],"name":"vw_session_speaker_detail","selected":true}}}