{"operationConfig":{"name":"konyevents_product_read8903","cachable":false,"smsEnabled":false,"security":"public","responseEncoding":"UTF-8","httpMethod":"GET","decodeResponseBody":false,"oMapping":"<?xml version=\"1.0\" encoding=\"UTF-8\" standalone=\"yes\"?><mapper xmlns=\"http://www.kony.com/ns/mapper\">      <map inputpath=\"response_in\" outputpath=\"response_out\">          <map inputpath=\"product\" outputpath=\"product\">                <set-param inputpath=\"product_id\" outputpath=\"product_id\"/>                <set-param inputpath=\"name\" outputpath=\"name\"/>                <set-param inputpath=\"short_desc\" outputpath=\"short_desc\"/>                <set-param inputpath=\"image_id\" outputpath=\"image_id\"/>      <set-param inputpath=\"image_id_blob\" outputpath=\"image_id_blob\"/>      <set-param inputpath=\"long_desc\" outputpath=\"long_desc\"/>          </map>      </map></mapper>","applyCommonMapping":false,"backendMeta":{"serviceVersion":"1.0","operationName":"konyevents_product_read","serviceName":"fetchEvents"},"relationshipHierarchyMapping":{"children":[],"name":"product","selected":true}}}