{"operationConfig":{"name":"konyevents_vw_venue_details_read4585","cachable":false,"smsEnabled":false,"security":"public","responseEncoding":"UTF-8","httpMethod":"GET","decodeResponseBody":false,"oMapping":"<?xml version=\"1.0\" encoding=\"UTF-8\" standalone=\"yes\"?><mapper xmlns=\"http://www.kony.com/ns/mapper\">      <map inputpath=\"response_in\" outputpath=\"response_out\">            <map inputpath=\"vw_venue_details\" outputpath=\"vw_venue_details\">                <set-param inputpath=\"venue_name\" outputpath=\"venue_name\"/>                <set-param inputpath=\"ad_latitude\" outputpath=\"ad_latitude\"/>                <set-param inputpath=\"ad_longitude\" outputpath=\"ad_longitude\"/>                <set-param inputpath=\"ad_line_two\" outputpath=\"ad_line_two\"/>                <set-param inputpath=\"ad_website\" outputpath=\"ad_website\"/>                <set-param inputpath=\"ad_name\" outputpath=\"ad_name\"/>                <set-param inputpath=\"venue_address_id\" outputpath=\"venue_address_id\"/>                <set-param inputpath=\"ad_line_one\" outputpath=\"ad_line_one\"/>                <set-param inputpath=\"ad_city\" outputpath=\"ad_city\"/>                <set-param inputpath=\"ad_phone_one\" outputpath=\"ad_phone_one\"/>                <set-param inputpath=\"ad_zip\" outputpath=\"ad_zip\"/>                <set-param inputpath=\"ad_address_id\" outputpath=\"ad_address_id\"/>                <set-param inputpath=\"venue_id\" outputpath=\"venue_id\"/>                <set-param inputpath=\"ad_email\" outputpath=\"ad_email\"/>          </map>      </map></mapper>","applyCommonMapping":false,"backendMeta":{"serviceVersion":"1.0","operationName":"konyevents_vw_venue_details_read","serviceName":"fetchEvents"},"relationshipHierarchyMapping":{"children":[],"name":"vw_venue_details_read","selected":true}}}