{"operationConfig":{"name":"konyevents_venue_create2282","cachable":false,"smsEnabled":false,"security":"public","responseEncoding":"UTF-8","httpMethod":"GET","decodeResponseBody":false,"iMapping":"<?xml version=\"1.0\" encoding=\"UTF-8\" standalone=\"yes\"?><mapper xmlns=\"http://www.kony.com/ns/mapper\">  <map inputpath=\"request_in\" outputpath=\"request_out\">    <set-param inputpath=\"venue_name\" outputpath=\"venue_name\"/>    <set-param inputpath=\"address_id\" outputpath=\"address_id\"/>  </map></mapper>","applyCommonMapping":true,"backendMeta":{"serviceVersion":"1.0","operationName":"konyevents_venue_create","serviceName":"fetchEvents"},"relationshipHierarchyMapping":{"children":[],"name":"venue","selected":true}}}