<?xml version="1.0" encoding="UTF-8" standalone="yes"?>
<service serviceGroup="" cachable="false" cacheduration="" endpoint="default" groupType="" id="get" passwordencrypted="" security="public" type="javaConnector" smscode="" smsenabled="false">
    <service-config>
        <config-param api-version="" appid="" name="preprocessorname" value=""/>
        <config-param api-version="" appid="" name="postprocessorname" value=""/>
        <config-param api-version="" appid="" name="preprocessorJS" value=""/>
        <config-param api-version="" appid="" name="postprocessorJS" value=""/>
        <config-param api-version="" appid="" name="className" value="com.kony.processors.UploadTableJavaService"/>
        <config-param api-version="" appid="" name="methodName" value="get"/>
        <config-param api-version="" appid="" name="sockettimeout" value=""/>
    </service-config>
    <service-input passthrough="false">
        <param datatype="number" defaultvalue="" description="" encode="false" format="None" formatvalue="" name="upload_id" order="" passnull="false" sms-name="" src="request" sourcevalue="" srcformatvalue="" target="request" targetdatatype="java.lang.String" testvalue="17" value="">
            <accessType></accessType>
        </param>
    </service-input>
    <service-output passthrough="false"/>
</service>
