{"operationConfig":{"name":"konyevents_vw_venue_hall_details_read1619","cachable":false,"smsEnabled":false,"security":"public","responseEncoding":"UTF-8","httpMethod":"GET","decodeResponseBody":false,"oMapping":"<?xml version=\"1.0\" encoding=\"UTF-8\" standalone=\"yes\"?><mapper xmlns=\"http://www.kony.com/ns/mapper\">    <map inputpath=\"response_in\" outputpath=\"response_out\">        <map inputpath=\"vw_venue_hall_details\" outputpath=\"vw_venue_hall_details\">          <set-param inputpath=\"venue_name\" outputpath=\"venue_name\"/>          <set-param inputpath=\"file_url\" outputpath=\"file_url\"/>          <set-param inputpath=\"upload_id\" outputpath=\"upload_id\"/>          <set-param inputpath=\"venue_hall_id\" outputpath=\"venue_hall_id\"/>          <set-param inputpath=\"file_name\" outputpath=\"file_name\"/>          <set-param inputpath=\"is_disabled\" outputpath=\"is_disabled\"/>          <set-param inputpath=\"address_id\" outputpath=\"address_id\"/>          <set-param inputpath=\"hall_venue_id\" outputpath=\"hall_venue_id\"/>          <set-param inputpath=\"file_size\" outputpath=\"file_size\"/>          <set-param inputpath=\"venue_hall_image_id\" outputpath=\"venue_hall_image_id\"/>          <set-param inputpath=\"file_type\" outputpath=\"file_type\"/>          <set-param inputpath=\"venue_hall_name\" outputpath=\"venue_hall_name\"/>          <set-param inputpath=\"venue_hall_description\" outputpath=\"venue_hall_description\"/>          <set-param inputpath=\"blob_obj\" outputpath=\"blob_obj\"/>          <set-param inputpath=\"is_admin_only\" outputpath=\"is_admin_only\"/>          <set-param inputpath=\"venue_id\" outputpath=\"venue_id\"/>          <set-param inputpath=\"is_anonymous_read\" outputpath=\"is_anonymous_read\"/>        <set-param inputpath=\"upload_id_blob\" outputpath=\"upload_id_blob\"/>     </map>    </map></mapper>","applyCommonMapping":false,"backendMeta":{"serviceVersion":"1.0","operationName":"konyevents_vw_venue_hall_details_read","serviceName":"fetchEvents"},"relationshipHierarchyMapping":{"children":[],"name":"venue_hall_details","selected":true}}}