{"operationConfig":{"name":"konyevents_event_create6166","cachable":false,"smsEnabled":false,"security":"public","responseEncoding":"UTF-8","httpMethod":"GET","decodeResponseBody":false,"iMapping":"<?xml version=\"1.0\" encoding=\"UTF-8\" standalone=\"yes\"?><mapper xmlns=\"http://www.kony.com/ns/mapper\">  <map inputpath=\"request_in\" outputpath=\"request_out\">    <map inputpath=\"event\" outputpath=\"event\">    <set-param inputpath=\"end_date\" outputpath=\"end_date\"/>    <set-param inputpath=\"added_time\" outputpath=\"added_time\"/>    <set-param inputpath=\"logo_id\" outputpath=\"logo_id\"/>    <set-param inputpath=\"banner_id\" outputpath=\"banner_id\"/>    <set-param inputpath=\"added_date\" outputpath=\"added_date\"/>    <set-param inputpath=\"is_disabled\" outputpath=\"is_disabled\"/>    <set-param inputpath=\"end_time\" outputpath=\"end_time\"/>    <set-param inputpath=\"title\" outputpath=\"title\"/>    <set-param inputpath=\"long_desc\" outputpath=\"long_desc\"/>    <set-param inputpath=\"start_time\" outputpath=\"start_time\"/>    <set-param inputpath=\"rating_id\" outputpath=\"rating_id\"/>    <set-param inputpath=\"short_desc\" outputpath=\"short_desc\"/>    <set-param inputpath=\"venue_id\" outputpath=\"venue_id\"/>    <set-param inputpath=\"start_date\" outputpath=\"start_date\"/>  </map>    </map></mapper>","applyCommonMapping":false,"backendMeta":{"serviceVersion":"1.0","operationName":"konyevents_event_create","serviceName":"fetchEvents"},"relationshipHierarchyMapping":{"children":[],"name":"event","selected":true}}}