{"operationConfig":{"name":"konyevents_address_read4817","cachable":false,"smsEnabled":false,"security":"public","responseEncoding":"UTF-8","httpMethod":"GET","decodeResponseBody":false,"oMapping":"<?xml version=\"1.0\" encoding=\"UTF-8\" standalone=\"yes\"?><mapper xmlns=\"http://www.kony.com/ns/mapper\">  <map inputpath=\"response_in\" outputpath=\"response_out\">    <map inputpath=\"address\" outputpath=\"address\">    <set-param inputpath=\"zip\" outputpath=\"zip\"/>    <set-param inputpath=\"website\" outputpath=\"website\"/>    <set-param inputpath=\"phone_two\" outputpath=\"phone_two\"/>    <set-param inputpath=\"line_one\" outputpath=\"line_one\"/>    <set-param inputpath=\"city\" outputpath=\"city\"/>    <set-param inputpath=\"latitude\" outputpath=\"latitude\"/>    <set-param inputpath=\"address_id\" outputpath=\"address_id\"/>    <set-param inputpath=\"name\" outputpath=\"name\"/>    <set-param inputpath=\"phone_one\" outputpath=\"phone_one\"/>    <set-param inputpath=\"email\" outputpath=\"email\"/>    <set-param inputpath=\"line_two\" outputpath=\"line_two\"/>    <set-param inputpath=\"longitude\" outputpath=\"longitude\"/>  </map>  </map></mapper>","applyCommonMapping":false,"backendMeta":{"serviceVersion":"1.0","operationName":"konyevents_address_read","serviceName":"fetchEvents"},"relationshipHierarchyMapping":{"children":[],"name":"addresss","selected":true}}}