[{"name":"added_date","sourceFieldname":"added_date","description":"added_date","dataType":"date","hasIndex":false,"unique":false,"primarykey":false,"namefield":false,"nullable":true,"custom":false,"createable":true,"updateable":true,"audit":false,"customizable":false,"fieldProperties":{"autoGenerated":"false"}},{"name":"added_time","sourceFieldname":"added_time","description":"added_time","dataType":"date","hasIndex":false,"unique":false,"primarykey":false,"namefield":false,"nullable":true,"custom":false,"createable":true,"updateable":true,"audit":false,"customizable":false,"fieldProperties":{"autoGenerated":"false"}},{"name":"attending_users_count","sourceFieldname":"attending_users_count","description":"attending_users_count","dataType":"string","hasIndex":false,"unique":false,"primarykey":false,"namefield":false,"nullable":true,"custom":false,"createable":true,"updateable":true,"audit":false,"customizable":false,"fieldProperties":{"autoGenerated":"false"}},{"name":"average_rating","sourceFieldname":"average_rating","description":"average_rating","dataType":"number","hasIndex":false,"unique":false,"primarykey":false,"namefield":false,"nullable":true,"custom":false,"createable":true,"updateable":true,"audit":false,"customizable":false,"fieldProperties":{"autoGenerated":"false"}},{"name":"banner_id","sourceFieldname":"banner_id","description":"banner_id","dataType":"number","hasIndex":false,"unique":false,"primarykey":false,"namefield":false,"nullable":true,"custom":false,"createable":true,"updateable":true,"audit":false,"customizable":false,"fieldProperties":{"autoGenerated":"false"}},{"name":"end_date","sourceFieldname":"end_date","description":"end_date","dataType":"date","hasIndex":false,"unique":false,"primarykey":false,"namefield":false,"nullable":true,"custom":false,"createable":true,"updateable":true,"audit":false,"customizable":false,"fieldProperties":{"autoGenerated":"false"}},{"name":"end_time","sourceFieldname":"end_time","description":"end_time","dataType":"date","hasIndex":false,"unique":false,"primarykey":false,"namefield":false,"nullable":true,"custom":false,"createable":true,"updateable":true,"audit":false,"customizable":false,"fieldProperties":{"autoGenerated":"false"}},{"name":"event_id","sourceFieldname":"event_id","description":"event_id","dataType":"number","hasIndex":false,"unique":false,"primarykey":false,"namefield":false,"nullable":true,"custom":false,"createable":true,"updateable":true,"audit":false,"customizable":false,"fieldProperties":{"autoGenerated":"false"}},{"name":"is_disabled","sourceFieldname":"is_disabled","description":"is_disabled","dataType":"boolean","hasIndex":false,"unique":false,"primarykey":false,"namefield":false,"nullable":true,"custom":false,"createable":true,"updateable":true,"audit":false,"customizable":false,"fieldProperties":{"autoGenerated":"false"}},{"name":"logo_id","sourceFieldname":"logo_id","description":"logo_id","dataType":"number","hasIndex":false,"unique":false,"primarykey":false,"namefield":false,"nullable":true,"custom":false,"createable":true,"updateable":true,"audit":false,"customizable":false,"fieldProperties":{"autoGenerated":"false"}},{"name":"long_desc","sourceFieldname":"long_desc","description":"long_desc","dataType":"string","hasIndex":false,"unique":false,"primarykey":false,"namefield":false,"nullable":true,"custom":false,"createable":true,"updateable":true,"audit":false,"customizable":false,"fieldProperties":{"autoGenerated":"false"}},{"name":"rating_id","sourceFieldname":"rating_id","description":"rating_id","dataType":"number","hasIndex":false,"unique":false,"primarykey":false,"namefield":false,"nullable":true,"custom":false,"createable":true,"updateable":true,"audit":false,"customizable":false,"fieldProperties":{"autoGenerated":"false"}},{"name":"registered_users_count","sourceFieldname":"registered_users_count","description":"registered_users_count","dataType":"string","hasIndex":false,"unique":false,"primarykey":false,"namefield":false,"nullable":true,"custom":false,"createable":true,"updateable":true,"audit":false,"customizable":false,"fieldProperties":{"autoGenerated":"false"}},{"name":"session_count","sourceFieldname":"session_count","description":"session_count","dataType":"string","hasIndex":false,"unique":false,"primarykey":false,"namefield":false,"nullable":true,"custom":false,"createable":true,"updateable":true,"audit":false,"customizable":false,"fieldProperties":{"autoGenerated":"false"}},{"name":"short_desc","sourceFieldname":"short_desc","description":"short_desc","dataType":"string","hasIndex":false,"unique":false,"primarykey":false,"namefield":false,"nullable":true,"custom":false,"createable":true,"updateable":true,"audit":false,"customizable":false,"fieldProperties":{"autoGenerated":"false"}},{"name":"speaker_count","sourceFieldname":"speaker_count","description":"speaker_count","dataType":"string","hasIndex":false,"unique":false,"primarykey":false,"namefield":false,"nullable":true,"custom":false,"createable":true,"updateable":true,"audit":false,"customizable":false,"fieldProperties":{"autoGenerated":"false"}},{"name":"start_date","sourceFieldname":"start_date","description":"start_date","dataType":"date","hasIndex":false,"unique":false,"primarykey":false,"namefield":false,"nullable":true,"custom":false,"createable":true,"updateable":true,"audit":false,"customizable":false,"fieldProperties":{"autoGenerated":"false"}},{"name":"start_time","sourceFieldname":"start_time","description":"start_time","dataType":"date","hasIndex":false,"unique":false,"primarykey":false,"namefield":false,"nullable":true,"custom":false,"createable":true,"updateable":true,"audit":false,"customizable":false,"fieldProperties":{"autoGenerated":"false"}},{"name":"title","sourceFieldname":"title","description":"title","dataType":"string","hasIndex":false,"unique":false,"primarykey":false,"namefield":false,"nullable":true,"custom":false,"createable":true,"updateable":true,"audit":false,"customizable":false,"fieldProperties":{"autoGenerated":"false"}},{"name":"venue_id","sourceFieldname":"venue_id","description":"venue_id","dataType":"number","hasIndex":false,"unique":false,"primarykey":false,"namefield":false,"nullable":true,"custom":false,"createable":true,"updateable":true,"audit":false,"customizable":false,"fieldProperties":{"autoGenerated":"false"}},{"name":"venue_name","sourceFieldname":"venue_name","description":"venue_name","dataType":"string","hasIndex":false,"unique":false,"primarykey":false,"namefield":false,"nullable":true,"custom":false,"createable":true,"updateable":true,"audit":false,"customizable":false,"fieldProperties":{"autoGenerated":"false"}}]