<?xml version="1.0" encoding="UTF-8" standalone="yes"?>
<endpoint encryptSecureInfo="false" name="default" type="RDBMS">
    <config>
        <entry>
            <key>rdbmsDescription</key>
        </entry>
        <entry>
            <key>rdbmsDriverClass</key>
            <value>com.mysql.jdbc.Driver</value>
        </entry>
        <entry>
            <key>rdbmsConnectionUrl</key>
            <value>jdbc:mysql://10.11.12.137:3306</value>
        </entry>
        <entry>
            <key>rdbmsUserId</key>
            <value>acedev</value>
        </entry>
        <entry>
            <key>rdbmsType</key>
            <value>MYSQL</value>
        </entry>
        <entry>
            <key>Password</key>
            <value>acedev123</value>
        </entry>
    </config>
</endpoint>
