<?xml version="1.0" encoding="UTF-8" standalone="yes"?>
<endpoint encryptSecureInfo="false" name="default" type="RDBMS">
    <config>
        <entry>
            <key>rdbmsDescription</key>
        </entry>
        <entry>
            <key>rdbmsDriverClass</key>
            <value>com.mysql.jdbc.Driver</value>
        </entry>
        <entry>
            <key>rdbmsConnectionUrl</key>
            <value>jdbc:mysql://eventsdbdrive.c7ecpxua8lql.us-west-2.rds.amazonaws.com:3306</value>
        </entry>
        <entry>
            <key>rdbmsUserId</key>
            <value>eventsdbuser</value>
        </entry>
        <entry>
            <key>rdbmsType</key>
            <value>MYSQL</value>
        </entry>
        <entry>
            <key>Password</key>
            <value>pass4eventsdbuser</value>
        </entry>
    </config>
</endpoint>
