{"operationConfig":{"name":"konyevents_vw_contact_details_read7629","cachable":false,"smsEnabled":false,"security":"public","responseEncoding":"UTF-8","httpMethod":"GET","decodeResponseBody":false,"oMapping":"<?xml version=\"1.0\" encoding=\"UTF-8\" standalone=\"yes\"?><mapper xmlns=\"http://www.kony.com/ns/mapper\">    <map inputpath=\"response_in\" outputpath=\"response_out\">      <map inputpath=\"vw_contact_details\" outputpath=\"vw_contact_details\">          <set-param inputpath=\"desgnation\" outputpath=\"desgnation\"/>          <set-param inputpath=\"workphone\" outputpath=\"workphone\"/>          <set-param inputpath=\"name\" outputpath=\"name\"/>          <set-param inputpath=\"mobile\" outputpath=\"mobile\"/>          <set-param inputpath=\"event_name\" outputpath=\"event_name\"/>          <set-param inputpath=\"location\" outputpath=\"location\"/>          <set-param inputpath=\"contact_id\" outputpath=\"contact_id\"/>          <set-param inputpath=\"image_id\" outputpath=\"image_id\"/>      <set-param inputpath=\"image_id_blob\" outputpath=\"image_id_blob\"/>      <set-param inputpath=\"email\" outputpath=\"email\"/>      </map>    </map></mapper>","applyCommonMapping":false,"backendMeta":{"serviceVersion":"1.0","operationName":"konyevents_vw_contact_details_read","serviceName":"fetchEvents"},"relationshipHierarchyMapping":{"children":[],"name":"vw_contact_details","selected":true}}}