<?xml version="1.0" encoding="UTF-8" standalone="yes"?>
<service serviceGroup="" cachable="false" cacheduration="" endpoint="default" groupType="" id="konyevents_speaker_update" passwordencrypted="false" security="public" type="dataAdapterConnector" smscode="" smsenabled="false">
    <service-config>
        <config-param api-version="" appid="" name="preprocessorname" value=""/>
        <config-param api-version="" appid="" name="postprocessorname" value=""/>
        <config-param api-version="" appid="" name="preprocessorJS" value=""/>
        <config-param api-version="" appid="" name="postprocessorJS" value=""/>
        <config-param api-version="" appid="" name="endpointUrl" value=""/>
        <config-param api-version="" appid="" name="jdbc_driver" value="com.mysql.jdbc.Driver"/>
        <config-param api-version="" appid="" name="jdbc_address" value="jdbc:mysql://10.11.12.137:3306"/>
        <config-param api-version="" appid="" name="user" value="acedev"/>
        <config-param api-version="" appid="" name="password" value="acedev123"/>
        <config-param api-version="" appid="" name="opcode" value="update"/>
        <config-param api-version="" appid="" name="adaptertype" value="KONY_DATABASE"/>
        <config-param api-version="" appid="" name="sockettimeout" value=""/>
        <config-param api-version="" appid="" name="entitymetadata" value="{&quot;tablemetadata&quot;:{&quot;schema&quot;:&quot;konyevents&quot;,&quot;primaryKeyMetaData&quot;:[{&quot;fieldmetadata&quot;:{&quot;jdbcTypeName&quot;:&quot;INT UNSIGNED&quot;,&quot;isUpdatable&quot;:false,&quot;jdbcType&quot;:4,&quot;isNullable&quot;:false,&quot;precision&quot;:0,&quot;name&quot;:&quot;speaker_id&quot;,&quot;isPrimaryKey&quot;:true,&quot;type&quot;:&quot;INT&quot;,&quot;isCreatable&quot;:false,&quot;isAutoGenerated&quot;:true}}],&quot;relationships&quot;:[],&quot;fieldmetadatalist&quot;:[{&quot;fieldmetadata&quot;:{&quot;jdbcTypeName&quot;:&quot;INT UNSIGNED&quot;,&quot;isUpdatable&quot;:false,&quot;jdbcType&quot;:4,&quot;isNullable&quot;:false,&quot;precision&quot;:0,&quot;name&quot;:&quot;speaker_id&quot;,&quot;isPrimaryKey&quot;:true,&quot;type&quot;:&quot;INT&quot;,&quot;isCreatable&quot;:false,&quot;isAutoGenerated&quot;:true}},{&quot;fieldmetadata&quot;:{&quot;jdbcTypeName&quot;:&quot;VARCHAR&quot;,&quot;isUpdatable&quot;:true,&quot;jdbcType&quot;:12,&quot;isNullable&quot;:false,&quot;precision&quot;:0,&quot;name&quot;:&quot;speaker_name&quot;,&quot;isPrimaryKey&quot;:false,&quot;type&quot;:&quot;STRING&quot;,&quot;isCreatable&quot;:true,&quot;isAutoGenerated&quot;:false}},{&quot;fieldmetadata&quot;:{&quot;jdbcTypeName&quot;:&quot;TEXT&quot;,&quot;isUpdatable&quot;:true,&quot;jdbcType&quot;:-1,&quot;isNullable&quot;:false,&quot;precision&quot;:0,&quot;name&quot;:&quot;speaker_details&quot;,&quot;isPrimaryKey&quot;:false,&quot;type&quot;:&quot;STRING&quot;,&quot;isCreatable&quot;:true,&quot;isAutoGenerated&quot;:false}},{&quot;fieldmetadata&quot;:{&quot;jdbcTypeName&quot;:&quot;VARCHAR&quot;,&quot;isUpdatable&quot;:true,&quot;jdbcType&quot;:12,&quot;isNullable&quot;:false,&quot;precision&quot;:0,&quot;name&quot;:&quot;speaker_dept&quot;,&quot;isPrimaryKey&quot;:false,&quot;type&quot;:&quot;STRING&quot;,&quot;isCreatable&quot;:true,&quot;isAutoGenerated&quot;:false}},{&quot;fieldmetadata&quot;:{&quot;jdbcTypeName&quot;:&quot;VARCHAR&quot;,&quot;isUpdatable&quot;:true,&quot;jdbcType&quot;:12,&quot;isNullable&quot;:false,&quot;precision&quot;:0,&quot;name&quot;:&quot;speaker_job_title&quot;,&quot;isPrimaryKey&quot;:false,&quot;type&quot;:&quot;STRING&quot;,&quot;isCreatable&quot;:true,&quot;isAutoGenerated&quot;:false}},{&quot;fieldmetadata&quot;:{&quot;jdbcTypeName&quot;:&quot;VARCHAR&quot;,&quot;isUpdatable&quot;:true,&quot;jdbcType&quot;:12,&quot;isNullable&quot;:false,&quot;precision&quot;:0,&quot;name&quot;:&quot;speaker_fb_detail&quot;,&quot;isPrimaryKey&quot;:false,&quot;type&quot;:&quot;STRING&quot;,&quot;isCreatable&quot;:true,&quot;isAutoGenerated&quot;:false}},{&quot;fieldmetadata&quot;:{&quot;jdbcTypeName&quot;:&quot;VARCHAR&quot;,&quot;isUpdatable&quot;:true,&quot;jdbcType&quot;:12,&quot;isNullable&quot;:false,&quot;precision&quot;:0,&quot;name&quot;:&quot;speaker_twitter_detail&quot;,&quot;isPrimaryKey&quot;:false,&quot;type&quot;:&quot;STRING&quot;,&quot;isCreatable&quot;:true,&quot;isAutoGenerated&quot;:false}},{&quot;fieldmetadata&quot;:{&quot;jdbcTypeName&quot;:&quot;VARCHAR&quot;,&quot;isUpdatable&quot;:true,&quot;jdbcType&quot;:12,&quot;isNullable&quot;:false,&quot;precision&quot;:0,&quot;name&quot;:&quot;speaker_google_plus_detail&quot;,&quot;isPrimaryKey&quot;:false,&quot;type&quot;:&quot;STRING&quot;,&quot;isCreatable&quot;:true,&quot;isAutoGenerated&quot;:false}},{&quot;fieldmetadata&quot;:{&quot;jdbcTypeName&quot;:&quot;VARCHAR&quot;,&quot;isUpdatable&quot;:true,&quot;jdbcType&quot;:12,&quot;isNullable&quot;:false,&quot;precision&quot;:0,&quot;name&quot;:&quot;speaker_linkedin_detail&quot;,&quot;isPrimaryKey&quot;:false,&quot;type&quot;:&quot;STRING&quot;,&quot;isCreatable&quot;:true,&quot;isAutoGenerated&quot;:false}},{&quot;fieldmetadata&quot;:{&quot;jdbcTypeName&quot;:&quot;INT UNSIGNED&quot;,&quot;isUpdatable&quot;:true,&quot;jdbcType&quot;:4,&quot;isNullable&quot;:false,&quot;precision&quot;:0,&quot;name&quot;:&quot;speaker_address_id&quot;,&quot;isPrimaryKey&quot;:false,&quot;type&quot;:&quot;INT&quot;,&quot;isCreatable&quot;:true,&quot;isAutoGenerated&quot;:false}},{&quot;fieldmetadata&quot;:{&quot;jdbcTypeName&quot;:&quot;INT UNSIGNED&quot;,&quot;isUpdatable&quot;:true,&quot;jdbcType&quot;:4,&quot;isNullable&quot;:true,&quot;precision&quot;:0,&quot;name&quot;:&quot;upload_id&quot;,&quot;isPrimaryKey&quot;:false,&quot;type&quot;:&quot;INT&quot;,&quot;isCreatable&quot;:true,&quot;isAutoGenerated&quot;:false}},{&quot;fieldmetadata&quot;:{&quot;jdbcTypeName&quot;:&quot;INT UNSIGNED&quot;,&quot;isUpdatable&quot;:true,&quot;jdbcType&quot;:4,&quot;isNullable&quot;:false,&quot;precision&quot;:0,&quot;name&quot;:&quot;rating_id&quot;,&quot;isPrimaryKey&quot;:false,&quot;type&quot;:&quot;INT&quot;,&quot;isCreatable&quot;:true,&quot;isAutoGenerated&quot;:false}}],&quot;isView&quot;:false,&quot;catalog&quot;:&quot;konyevents&quot;,&quot;originalSchema&quot;:&quot;konyevents&quot;,&quot;name&quot;:&quot;speaker&quot;}}"/>
    </service-config>
    <service-input passthrough="false">
        <param datatype="number" defaultvalue="" description="" encode="true" format="None" formatvalue="" name="speaker_id" order="" passnull="false" sms-name="" src="request" sourcevalue="" srcformatvalue="" target="request" targetdatatype="java.lang.String" testvalue="2" value="">
            <accessType></accessType>
        </param>
        <param datatype="string" defaultvalue="" description="" encode="true" format="None" formatvalue="" name="speaker_name" order="" passnull="false" sms-name="" src="request" sourcevalue="" srcformatvalue="" target="request" targetdatatype="java.lang.String" testvalue="Joseph" value="">
            <accessType></accessType>
        </param>
        <param datatype="string" defaultvalue="" description="" encode="true" format="None" formatvalue="" name="speaker_details" order="" passnull="false" sms-name="" src="request" sourcevalue="" srcformatvalue="" target="request" targetdatatype="java.lang.String" testvalue="Best-Selling Author of Exponential Organizations, Executive Director of Singularity University, and Former Vice President of Yahoo! Salim Ismail is the best-selling author of Exponential Organizations, a sought-after technology strategist, and a renowned entrepreneur with ties to Yahoo!. Google, and Singularity University. He consults with  governments and the worlds top Fortune 500 companies on innovation and growth, and his work has been featured in premier media outlets like the New York Times, Bloomberg BusinessWeek, Fortune, Forbes, WIRED, Vogue, and the BBC. Ismail travels extensively sharing a global perspective on the impact of breakthrough technologies and how organizations can leverage these disruptions to grow 10 times faster than their peers. His book quickly reached No. 1 on Amazons Best-Sellers in Business Management, was also named Frost &amp; Sullivans Growth, Innovation and Leadership Book of the Year." value="">
            <accessType></accessType>
        </param>
        <param datatype="string" defaultvalue="" description="" encode="true" format="None" formatvalue="" name="speaker_dept" order="" passnull="false" sms-name="" src="request" sourcevalue="" srcformatvalue="" target="request" targetdatatype="java.lang.String" testvalue="HR" value="">
            <accessType></accessType>
        </param>
        <param datatype="string" defaultvalue="" description="" encode="true" format="None" formatvalue="" name="speaker_job_title" order="" passnull="false" sms-name="" src="request" sourcevalue="" srcformatvalue="" target="request" targetdatatype="java.lang.String" testvalue="President" value="">
            <accessType></accessType>
        </param>
        <param datatype="string" defaultvalue="" description="" encode="true" format="None" formatvalue="" name="speaker_fb_detail" order="" passnull="false" sms-name="" src="request" sourcevalue="" srcformatvalue="" target="request" targetdatatype="java.lang.String" testvalue="Joseph@facebook.com" value="">
            <accessType></accessType>
        </param>
        <param datatype="string" defaultvalue="" description="" encode="true" format="None" formatvalue="" name="speaker_twitter_detail" order="" passnull="false" sms-name="" src="request" sourcevalue="" srcformatvalue="" target="request" targetdatatype="java.lang.String" testvalue="joseph@twitter.com" value="">
            <accessType></accessType>
        </param>
        <param datatype="string" defaultvalue="" description="" encode="true" format="None" formatvalue="" name="speaker_google_plus_detail" order="" passnull="false" sms-name="" src="request" sourcevalue="" srcformatvalue="" target="request" targetdatatype="java.lang.String" testvalue="joseph@gmail.com" value="">
            <accessType></accessType>
        </param>
        <param datatype="string" defaultvalue="" description="" encode="true" format="None" formatvalue="" name="speaker_linkedin_detail" order="" passnull="false" sms-name="" src="request" sourcevalue="" srcformatvalue="" target="request" targetdatatype="java.lang.String" testvalue="joseph@linkedin.com" value="">
            <accessType></accessType>
        </param>
        <param datatype="number" defaultvalue="" description="" encode="true" format="None" formatvalue="" name="speaker_address_id" order="" passnull="false" sms-name="" src="request" sourcevalue="" srcformatvalue="" target="request" targetdatatype="java.lang.String" testvalue="1" value="">
            <accessType></accessType>
        </param>
        <param datatype="number" defaultvalue="" description="" encode="true" format="None" formatvalue="" name="upload_id" order="" passnull="false" sms-name="" src="request" sourcevalue="" srcformatvalue="" target="request" targetdatatype="java.lang.String" testvalue="17" value="">
            <accessType></accessType>
        </param>
        <param datatype="number" defaultvalue="" description="" encode="true" format="None" formatvalue="" name="rating_id" order="" passnull="false" sms-name="" src="request" sourcevalue="" srcformatvalue="" target="request" targetdatatype="java.lang.String" testvalue="1" value="">
            <accessType></accessType>
        </param>
    </service-input>
    <service-output passthrough="false"/>
</service>
