<?xml version="1.0" encoding="UTF-8" standalone="yes"?>
<service serviceGroup="" cachable="false" cacheduration="" endpoint="default" groupType="" id="konyevents_event_read" passwordencrypted="false" security="public" type="dataAdapterConnector" smscode="" smsenabled="false">
    <service-config>
        <config-param api-version="" appid="" name="preprocessorname" value=""/>
        <config-param api-version="" appid="" name="postprocessorname" value=""/>
        <config-param api-version="" appid="" name="preprocessorJS" value=""/>
        <config-param api-version="" appid="" name="postprocessorJS" value=""/>
        <config-param api-version="" appid="" name="endpointUrl" value=""/>
        <config-param api-version="" appid="" name="jdbc_driver" value="com.mysql.jdbc.Driver"/>
        <config-param api-version="" appid="" name="jdbc_address" value="jdbc:mysql://10.11.12.137:3306"/>
        <config-param api-version="" appid="" name="user" value="acedev"/>
        <config-param api-version="" appid="" name="password" value="acedev123"/>
        <config-param api-version="" appid="" name="opcode" value="query"/>
        <config-param api-version="" appid="" name="adaptertype" value="KONY_DATABASE"/>
        <config-param api-version="" appid="" name="sockettimeout" value=""/>
        <config-param api-version="" appid="" name="entitymetadata" value="{&quot;tablemetadata&quot;:{&quot;schema&quot;:&quot;konyevents&quot;,&quot;primaryKeyMetaData&quot;:[{&quot;fieldmetadata&quot;:{&quot;jdbcTypeName&quot;:&quot;INT UNSIGNED&quot;,&quot;isUpdatable&quot;:false,&quot;jdbcType&quot;:4,&quot;isNullable&quot;:false,&quot;precision&quot;:0,&quot;name&quot;:&quot;event_id&quot;,&quot;isPrimaryKey&quot;:true,&quot;type&quot;:&quot;INT&quot;,&quot;isCreatable&quot;:false,&quot;isAutoGenerated&quot;:true}}],&quot;relationships&quot;:[],&quot;fieldmetadatalist&quot;:[{&quot;fieldmetadata&quot;:{&quot;jdbcTypeName&quot;:&quot;INT UNSIGNED&quot;,&quot;isUpdatable&quot;:false,&quot;jdbcType&quot;:4,&quot;isNullable&quot;:false,&quot;precision&quot;:0,&quot;name&quot;:&quot;event_id&quot;,&quot;isPrimaryKey&quot;:true,&quot;type&quot;:&quot;INT&quot;,&quot;isCreatable&quot;:false,&quot;isAutoGenerated&quot;:true}},{&quot;fieldmetadata&quot;:{&quot;jdbcTypeName&quot;:&quot;VARCHAR&quot;,&quot;isUpdatable&quot;:true,&quot;jdbcType&quot;:12,&quot;isNullable&quot;:false,&quot;precision&quot;:0,&quot;name&quot;:&quot;title&quot;,&quot;isPrimaryKey&quot;:false,&quot;type&quot;:&quot;STRING&quot;,&quot;isCreatable&quot;:true,&quot;isAutoGenerated&quot;:false}},{&quot;fieldmetadata&quot;:{&quot;jdbcTypeName&quot;:&quot;INT UNSIGNED&quot;,&quot;isUpdatable&quot;:true,&quot;jdbcType&quot;:4,&quot;isNullable&quot;:true,&quot;precision&quot;:0,&quot;name&quot;:&quot;logo_id&quot;,&quot;isPrimaryKey&quot;:false,&quot;type&quot;:&quot;INT&quot;,&quot;isCreatable&quot;:true,&quot;isAutoGenerated&quot;:false}},{&quot;fieldmetadata&quot;:{&quot;jdbcTypeName&quot;:&quot;INT UNSIGNED&quot;,&quot;isUpdatable&quot;:true,&quot;jdbcType&quot;:4,&quot;isNullable&quot;:true,&quot;precision&quot;:0,&quot;name&quot;:&quot;banner_id&quot;,&quot;isPrimaryKey&quot;:false,&quot;type&quot;:&quot;INT&quot;,&quot;isCreatable&quot;:true,&quot;isAutoGenerated&quot;:false}},{&quot;fieldmetadata&quot;:{&quot;jdbcTypeName&quot;:&quot;VARCHAR&quot;,&quot;isUpdatable&quot;:true,&quot;jdbcType&quot;:12,&quot;isNullable&quot;:false,&quot;precision&quot;:0,&quot;name&quot;:&quot;short_desc&quot;,&quot;isPrimaryKey&quot;:false,&quot;type&quot;:&quot;STRING&quot;,&quot;isCreatable&quot;:true,&quot;isAutoGenerated&quot;:false}},{&quot;fieldmetadata&quot;:{&quot;jdbcTypeName&quot;:&quot;TEXT&quot;,&quot;isUpdatable&quot;:true,&quot;jdbcType&quot;:-1,&quot;isNullable&quot;:false,&quot;precision&quot;:0,&quot;name&quot;:&quot;long_desc&quot;,&quot;isPrimaryKey&quot;:false,&quot;type&quot;:&quot;STRING&quot;,&quot;isCreatable&quot;:true,&quot;isAutoGenerated&quot;:false}},{&quot;fieldmetadata&quot;:{&quot;jdbcTypeName&quot;:&quot;DATE&quot;,&quot;isUpdatable&quot;:true,&quot;jdbcType&quot;:91,&quot;isNullable&quot;:false,&quot;precision&quot;:0,&quot;name&quot;:&quot;start_date&quot;,&quot;isPrimaryKey&quot;:false,&quot;type&quot;:&quot;DATE&quot;,&quot;isCreatable&quot;:true,&quot;isAutoGenerated&quot;:false}},{&quot;fieldmetadata&quot;:{&quot;jdbcTypeName&quot;:&quot;DATE&quot;,&quot;isUpdatable&quot;:true,&quot;jdbcType&quot;:91,&quot;isNullable&quot;:false,&quot;precision&quot;:0,&quot;name&quot;:&quot;end_date&quot;,&quot;isPrimaryKey&quot;:false,&quot;type&quot;:&quot;DATE&quot;,&quot;isCreatable&quot;:true,&quot;isAutoGenerated&quot;:false}},{&quot;fieldmetadata&quot;:{&quot;jdbcTypeName&quot;:&quot;TIME&quot;,&quot;isUpdatable&quot;:true,&quot;jdbcType&quot;:92,&quot;isNullable&quot;:false,&quot;precision&quot;:0,&quot;name&quot;:&quot;start_time&quot;,&quot;isPrimaryKey&quot;:false,&quot;type&quot;:&quot;TIME&quot;,&quot;isCreatable&quot;:true,&quot;isAutoGenerated&quot;:false}},{&quot;fieldmetadata&quot;:{&quot;jdbcTypeName&quot;:&quot;TIME&quot;,&quot;isUpdatable&quot;:true,&quot;jdbcType&quot;:92,&quot;isNullable&quot;:false,&quot;precision&quot;:0,&quot;name&quot;:&quot;end_time&quot;,&quot;isPrimaryKey&quot;:false,&quot;type&quot;:&quot;TIME&quot;,&quot;isCreatable&quot;:true,&quot;isAutoGenerated&quot;:false}},{&quot;fieldmetadata&quot;:{&quot;jdbcTypeName&quot;:&quot;INT&quot;,&quot;isUpdatable&quot;:true,&quot;jdbcType&quot;:4,&quot;isNullable&quot;:false,&quot;precision&quot;:0,&quot;name&quot;:&quot;venue_id&quot;,&quot;isPrimaryKey&quot;:false,&quot;type&quot;:&quot;INT&quot;,&quot;isCreatable&quot;:true,&quot;isAutoGenerated&quot;:false}},{&quot;fieldmetadata&quot;:{&quot;jdbcTypeName&quot;:&quot;TIME&quot;,&quot;isUpdatable&quot;:true,&quot;jdbcType&quot;:92,&quot;isNullable&quot;:false,&quot;precision&quot;:0,&quot;name&quot;:&quot;added_time&quot;,&quot;isPrimaryKey&quot;:false,&quot;type&quot;:&quot;TIME&quot;,&quot;isCreatable&quot;:true,&quot;isAutoGenerated&quot;:false}},{&quot;fieldmetadata&quot;:{&quot;jdbcTypeName&quot;:&quot;DATE&quot;,&quot;isUpdatable&quot;:true,&quot;jdbcType&quot;:91,&quot;isNullable&quot;:false,&quot;precision&quot;:0,&quot;name&quot;:&quot;added_date&quot;,&quot;isPrimaryKey&quot;:false,&quot;type&quot;:&quot;DATE&quot;,&quot;isCreatable&quot;:true,&quot;isAutoGenerated&quot;:false}},{&quot;fieldmetadata&quot;:{&quot;jdbcTypeName&quot;:&quot;BIT&quot;,&quot;isUpdatable&quot;:true,&quot;jdbcType&quot;:-7,&quot;isNullable&quot;:false,&quot;precision&quot;:0,&quot;name&quot;:&quot;is_disabled&quot;,&quot;isPrimaryKey&quot;:false,&quot;type&quot;:&quot;BOOLEAN&quot;,&quot;isCreatable&quot;:true,&quot;isAutoGenerated&quot;:false}},{&quot;fieldmetadata&quot;:{&quot;jdbcTypeName&quot;:&quot;INT UNSIGNED&quot;,&quot;isUpdatable&quot;:true,&quot;jdbcType&quot;:4,&quot;isNullable&quot;:false,&quot;precision&quot;:0,&quot;name&quot;:&quot;rating_id&quot;,&quot;isPrimaryKey&quot;:false,&quot;type&quot;:&quot;INT&quot;,&quot;isCreatable&quot;:true,&quot;isAutoGenerated&quot;:false}},{&quot;fieldmetadata&quot;:{&quot;jdbcTypeName&quot;:&quot;VARCHAR&quot;,&quot;isUpdatable&quot;:true,&quot;jdbcType&quot;:12,&quot;isNullable&quot;:true,&quot;precision&quot;:0,&quot;name&quot;:&quot;twitter_hash_code&quot;,&quot;isPrimaryKey&quot;:false,&quot;type&quot;:&quot;STRING&quot;,&quot;isCreatable&quot;:true,&quot;isAutoGenerated&quot;:false}}],&quot;isView&quot;:false,&quot;catalog&quot;:&quot;konyevents&quot;,&quot;originalSchema&quot;:&quot;konyevents&quot;,&quot;name&quot;:&quot;event&quot;}}"/>
    </service-config>
    <service-input passthrough="false">
        <template-param datatype="" defaultvalue="$filter=${$filter}&amp;$orderby=${$orderby}&amp;$top=${$top}&amp;$skip=${$skip}" description="" encode="false" format="" formatvalue="" name="criteria" order="" sms-name="" src="" sourcevalue="" srcformatvalue="" target="" targetdatatype="" value="$filter=${$filter}&amp;$orderby=${$orderby}&amp;$top=${$top}&amp;$skip=${$skip}">
            <accessType></accessType>
            <param datatype="string" defaultvalue="" description="" encode="false" format="" formatvalue="" name="$filter" order="" sms-name="" src="" sourcevalue="" srcformatvalue="" target="" targetdatatype="" testvalue="" value="">
                <accessType>readonly</accessType>
            </param>
            <param datatype="string" defaultvalue="" description="" encode="false" format="" formatvalue="" name="$orderby" order="" sms-name="" src="" sourcevalue="" srcformatvalue="" target="" targetdatatype="" testvalue="" value="">
                <accessType>readonly</accessType>
            </param>
            <param datatype="string" defaultvalue="" description="" encode="false" format="" formatvalue="" name="$top" order="" sms-name="" src="" sourcevalue="" srcformatvalue="" target="" targetdatatype="" testvalue="" value="">
                <accessType>readonly</accessType>
            </param>
            <param datatype="string" defaultvalue="" description="" encode="false" format="" formatvalue="" name="$skip" order="" sms-name="" src="" sourcevalue="" srcformatvalue="" target="" targetdatatype="" testvalue="" value="">
                <accessType>readonly</accessType>
            </param>
        </template-param>
    </service-input>
    <service-output passthrough="false">
        <param datatype="number" defaultvalue="" description="" encode="true" format="None" formatvalue="" name="event_id" order="" passnull="false" sms-name="" src="" sourcevalue="" srcformatvalue="" target="response" targetdatatype="java.lang.String" testvalue="" value="">
            <accessType></accessType>
        </param>
        <param datatype="string" defaultvalue="" description="" encode="true" format="None" formatvalue="" name="title" order="" passnull="false" sms-name="" src="" sourcevalue="" srcformatvalue="" target="response" targetdatatype="java.lang.String" testvalue="" value="">
            <accessType></accessType>
        </param>
        <param datatype="number" defaultvalue="" description="" encode="true" format="None" formatvalue="" name="logo_id" order="" passnull="false" sms-name="" src="" sourcevalue="" srcformatvalue="" target="response" targetdatatype="java.lang.String" testvalue="" value="">
            <accessType></accessType>
        </param>
        <param datatype="number" defaultvalue="" description="" encode="true" format="None" formatvalue="" name="banner_id" order="" passnull="false" sms-name="" src="" sourcevalue="" srcformatvalue="" target="response" targetdatatype="java.lang.String" testvalue="" value="">
            <accessType></accessType>
        </param>
        <param datatype="string" defaultvalue="" description="" encode="true" format="None" formatvalue="" name="short_desc" order="" passnull="false" sms-name="" src="" sourcevalue="" srcformatvalue="" target="response" targetdatatype="java.lang.String" testvalue="" value="">
            <accessType></accessType>
        </param>
        <param datatype="string" defaultvalue="" description="" encode="true" format="None" formatvalue="" name="long_desc" order="" passnull="false" sms-name="" src="" sourcevalue="" srcformatvalue="" target="response" targetdatatype="java.lang.String" testvalue="" value="">
            <accessType></accessType>
        </param>
        <param datatype="date" defaultvalue="" description="" encode="true" format="None" formatvalue="" name="start_date" order="" passnull="false" sms-name="" src="" sourcevalue="" srcformatvalue="" target="response" targetdatatype="java.lang.String" testvalue="" value="">
            <accessType></accessType>
        </param>
        <param datatype="date" defaultvalue="" description="" encode="true" format="None" formatvalue="" name="end_date" order="" passnull="false" sms-name="" src="" sourcevalue="" srcformatvalue="" target="response" targetdatatype="java.lang.String" testvalue="" value="">
            <accessType></accessType>
        </param>
        <param datatype="date" defaultvalue="" description="" encode="true" format="None" formatvalue="" name="start_time" order="" passnull="false" sms-name="" src="" sourcevalue="" srcformatvalue="" target="response" targetdatatype="java.lang.String" testvalue="" value="">
            <accessType></accessType>
        </param>
        <param datatype="date" defaultvalue="" description="" encode="true" format="None" formatvalue="" name="end_time" order="" passnull="false" sms-name="" src="" sourcevalue="" srcformatvalue="" target="response" targetdatatype="java.lang.String" testvalue="" value="">
            <accessType></accessType>
        </param>
        <param datatype="number" defaultvalue="" description="" encode="true" format="None" formatvalue="" name="venue_id" order="" passnull="false" sms-name="" src="" sourcevalue="" srcformatvalue="" target="response" targetdatatype="java.lang.String" testvalue="" value="">
            <accessType></accessType>
        </param>
        <param datatype="date" defaultvalue="" description="" encode="true" format="None" formatvalue="" name="added_time" order="" passnull="false" sms-name="" src="" sourcevalue="" srcformatvalue="" target="response" targetdatatype="java.lang.String" testvalue="" value="">
            <accessType></accessType>
        </param>
        <param datatype="date" defaultvalue="" description="" encode="true" format="None" formatvalue="" name="added_date" order="" passnull="false" sms-name="" src="" sourcevalue="" srcformatvalue="" target="response" targetdatatype="java.lang.String" testvalue="" value="">
            <accessType></accessType>
        </param>
        <param datatype="boolean" defaultvalue="" description="" encode="true" format="None" formatvalue="" name="is_disabled" order="" passnull="false" sms-name="" src="" sourcevalue="" srcformatvalue="" target="response" targetdatatype="java.lang.String" testvalue="" value="">
            <accessType></accessType>
        </param>
        <param datatype="number" defaultvalue="" description="" encode="true" format="None" formatvalue="" name="rating_id" order="" passnull="false" sms-name="" src="" sourcevalue="" srcformatvalue="" target="response" targetdatatype="java.lang.String" testvalue="" value="">
            <accessType></accessType>
        </param>
        <param datatype="string" defaultvalue="" description="" encode="true" format="None" formatvalue="" name="twitter_hash_code" order="" passnull="false" sms-name="" src="" sourcevalue="" srcformatvalue="" target="response" targetdatatype="java.lang.String" testvalue="" value="">
            <accessType></accessType>
        </param>
    </service-output>
</service>
