<?xml version="1.0" encoding="UTF-8" standalone="yes"?>
<service serviceGroup="" cachable="false" cacheduration="" endpoint="default" groupType="" id="konyevents_login_create" passwordencrypted="false" security="authorized_app_user" type="dataAdapterConnector" smscode="" smsenabled="false">
    <service-config>
        <config-param api-version="" appid="" name="preprocessorname" value=""/>
        <config-param api-version="" appid="" name="postprocessorname" value=""/>
        <config-param api-version="" appid="" name="preprocessorJS" value=""/>
        <config-param api-version="" appid="" name="postprocessorJS" value=""/>
        <config-param api-version="" appid="" name="endpointUrl" value=""/>
        <config-param api-version="" appid="" name="jdbc_driver" value="com.mysql.jdbc.Driver"/>
        <config-param api-version="" appid="" name="jdbc_address" value="jdbc:mysql://eventsdbdrive.c7ecpxua8lql.us-west-2.rds.amazonaws.com:3306"/>
        <config-param api-version="" appid="" name="user" value="eventsdbuser"/>
        <config-param api-version="" appid="" name="password" value="pass4eventsdbuser"/>
        <config-param api-version="" appid="" name="opcode" value="create"/>
        <config-param api-version="" appid="" name="adaptertype" value="KONY_DATABASE"/>
        <config-param api-version="" appid="" name="sockettimeout" value=""/>
        <config-param api-version="" appid="" name="entitymetadata" value="{&quot;tablemetadata&quot;:{&quot;schema&quot;:&quot;konyevents&quot;,&quot;primaryKeyMetaData&quot;:[{&quot;fieldmetadata&quot;:{&quot;jdbcTypeName&quot;:&quot;BIGINT&quot;,&quot;isUpdatable&quot;:false,&quot;jdbcType&quot;:-5,&quot;isNullable&quot;:false,&quot;precision&quot;:0,&quot;name&quot;:&quot;user_id&quot;,&quot;isPrimaryKey&quot;:true,&quot;type&quot;:&quot;LONG&quot;,&quot;isCreatable&quot;:false,&quot;isAutoGenerated&quot;:true}}],&quot;relationships&quot;:[],&quot;fieldmetadatalist&quot;:[{&quot;fieldmetadata&quot;:{&quot;jdbcTypeName&quot;:&quot;VARCHAR&quot;,&quot;isUpdatable&quot;:true,&quot;jdbcType&quot;:12,&quot;isNullable&quot;:false,&quot;precision&quot;:0,&quot;name&quot;:&quot;name&quot;,&quot;isPrimaryKey&quot;:false,&quot;type&quot;:&quot;STRING&quot;,&quot;isCreatable&quot;:true,&quot;isAutoGenerated&quot;:false}},{&quot;fieldmetadata&quot;:{&quot;jdbcTypeName&quot;:&quot;VARCHAR&quot;,&quot;isUpdatable&quot;:true,&quot;jdbcType&quot;:12,&quot;isNullable&quot;:true,&quot;precision&quot;:0,&quot;name&quot;:&quot;password&quot;,&quot;isPrimaryKey&quot;:false,&quot;type&quot;:&quot;STRING&quot;,&quot;isCreatable&quot;:true,&quot;isAutoGenerated&quot;:false}},{&quot;fieldmetadata&quot;:{&quot;jdbcTypeName&quot;:&quot;VARCHAR&quot;,&quot;isUpdatable&quot;:true,&quot;jdbcType&quot;:12,&quot;isNullable&quot;:true,&quot;precision&quot;:0,&quot;name&quot;:&quot;mail&quot;,&quot;isPrimaryKey&quot;:false,&quot;type&quot;:&quot;STRING&quot;,&quot;isCreatable&quot;:true,&quot;isAutoGenerated&quot;:false}},{&quot;fieldmetadata&quot;:{&quot;jdbcTypeName&quot;:&quot;VARCHAR&quot;,&quot;isUpdatable&quot;:true,&quot;jdbcType&quot;:12,&quot;isNullable&quot;:true,&quot;precision&quot;:0,&quot;name&quot;:&quot;phone&quot;,&quot;isPrimaryKey&quot;:false,&quot;type&quot;:&quot;STRING&quot;,&quot;isCreatable&quot;:true,&quot;isAutoGenerated&quot;:false}},{&quot;fieldmetadata&quot;:{&quot;jdbcTypeName&quot;:&quot;VARCHAR&quot;,&quot;isUpdatable&quot;:true,&quot;jdbcType&quot;:12,&quot;isNullable&quot;:false,&quot;precision&quot;:0,&quot;name&quot;:&quot;type&quot;,&quot;isPrimaryKey&quot;:false,&quot;type&quot;:&quot;STRING&quot;,&quot;isCreatable&quot;:true,&quot;isAutoGenerated&quot;:false}},{&quot;fieldmetadata&quot;:{&quot;jdbcTypeName&quot;:&quot;BIT&quot;,&quot;isUpdatable&quot;:true,&quot;jdbcType&quot;:-7,&quot;isNullable&quot;:false,&quot;precision&quot;:0,&quot;name&quot;:&quot;is_disabled&quot;,&quot;isPrimaryKey&quot;:false,&quot;type&quot;:&quot;BOOLEAN&quot;,&quot;isCreatable&quot;:true,&quot;isAutoGenerated&quot;:false}},{&quot;fieldmetadata&quot;:{&quot;jdbcTypeName&quot;:&quot;TEXT&quot;,&quot;isUpdatable&quot;:true,&quot;jdbcType&quot;:-1,&quot;isNullable&quot;:true,&quot;precision&quot;:0,&quot;name&quot;:&quot;remark&quot;,&quot;isPrimaryKey&quot;:false,&quot;type&quot;:&quot;STRING&quot;,&quot;isCreatable&quot;:true,&quot;isAutoGenerated&quot;:false}},{&quot;fieldmetadata&quot;:{&quot;jdbcTypeName&quot;:&quot;INT UNSIGNED&quot;,&quot;isUpdatable&quot;:true,&quot;jdbcType&quot;:4,&quot;isNullable&quot;:true,&quot;precision&quot;:0,&quot;name&quot;:&quot;photo_id&quot;,&quot;isPrimaryKey&quot;:false,&quot;type&quot;:&quot;INT&quot;,&quot;isCreatable&quot;:true,&quot;isAutoGenerated&quot;:false}},{&quot;fieldmetadata&quot;:{&quot;jdbcTypeName&quot;:&quot;VARCHAR&quot;,&quot;isUpdatable&quot;:true,&quot;jdbcType&quot;:12,&quot;isNullable&quot;:true,&quot;precision&quot;:0,&quot;name&quot;:&quot;title&quot;,&quot;isPrimaryKey&quot;:false,&quot;type&quot;:&quot;STRING&quot;,&quot;isCreatable&quot;:true,&quot;isAutoGenerated&quot;:false}},{&quot;fieldmetadata&quot;:{&quot;jdbcTypeName&quot;:&quot;VARCHAR&quot;,&quot;isUpdatable&quot;:true,&quot;jdbcType&quot;:12,&quot;isNullable&quot;:true,&quot;precision&quot;:0,&quot;name&quot;:&quot;designation&quot;,&quot;isPrimaryKey&quot;:false,&quot;type&quot;:&quot;STRING&quot;,&quot;isCreatable&quot;:true,&quot;isAutoGenerated&quot;:false}},{&quot;fieldmetadata&quot;:{&quot;jdbcTypeName&quot;:&quot;VARCHAR&quot;,&quot;isUpdatable&quot;:true,&quot;jdbcType&quot;:12,&quot;isNullable&quot;:true,&quot;precision&quot;:0,&quot;name&quot;:&quot;organisation&quot;,&quot;isPrimaryKey&quot;:false,&quot;type&quot;:&quot;STRING&quot;,&quot;isCreatable&quot;:true,&quot;isAutoGenerated&quot;:false}},{&quot;fieldmetadata&quot;:{&quot;jdbcTypeName&quot;:&quot;BIT&quot;,&quot;isUpdatable&quot;:true,&quot;jdbcType&quot;:-7,&quot;isNullable&quot;:false,&quot;precision&quot;:0,&quot;name&quot;:&quot;is_office365&quot;,&quot;isPrimaryKey&quot;:false,&quot;type&quot;:&quot;BOOLEAN&quot;,&quot;isCreatable&quot;:true,&quot;isAutoGenerated&quot;:false}}],&quot;isView&quot;:false,&quot;catalog&quot;:&quot;konyevents&quot;,&quot;originalSchema&quot;:&quot;konyevents&quot;,&quot;name&quot;:&quot;login&quot;}}"/>
    </service-config>
    <service-input passthrough="false">
        <param datatype="string" defaultvalue="" description="" encode="true" format="None" formatvalue="" name="name" order="" passnull="false" sms-name="" src="request" sourcevalue="" srcformatvalue="" target="request" targetdatatype="java.lang.String" testvalue="MFTestName" value="">
            <accessType></accessType>
        </param>
        <param datatype="string" defaultvalue="" description="" encode="true" format="None" formatvalue="" name="password" order="" passnull="false" sms-name="" src="request" sourcevalue="" srcformatvalue="" target="request" targetdatatype="java.lang.String" testvalue="NULL" value="">
            <accessType></accessType>
        </param>
        <param datatype="string" defaultvalue="" description="" encode="true" format="None" formatvalue="" name="mail" order="" passnull="false" sms-name="" src="request" sourcevalue="" srcformatvalue="" target="request" targetdatatype="java.lang.String" testvalue="MFtestmail@mail.com" value="">
            <accessType></accessType>
        </param>
        <param datatype="string" defaultvalue="" description="" encode="true" format="None" formatvalue="" name="phone" order="" passnull="false" sms-name="" src="request" sourcevalue="" srcformatvalue="" target="request" targetdatatype="java.lang.String" testvalue="1234567" value="">
            <accessType></accessType>
        </param>
        <param datatype="string" defaultvalue="USER" description="" encode="true" format="None" formatvalue="" name="type" order="" passnull="false" sms-name="" src="request" sourcevalue="" srcformatvalue="" target="request" targetdatatype="java.lang.String" testvalue="" value="USER">
            <accessType></accessType>
        </param>
        <param datatype="boolean" defaultvalue="0" description="" encode="true" format="None" formatvalue="" name="is_disabled" order="" passnull="false" sms-name="" src="request" sourcevalue="" srcformatvalue="" target="request" targetdatatype="java.lang.String" testvalue="" value="0">
            <accessType></accessType>
        </param>
        <param datatype="string" defaultvalue="NULL" description="" encode="true" format="None" formatvalue="" name="remark" order="" passnull="false" sms-name="" src="request" sourcevalue="" srcformatvalue="" target="request" targetdatatype="java.lang.String" testvalue="" value="NULL">
            <accessType></accessType>
        </param>
        <param datatype="number" defaultvalue="NULL" description="" encode="true" format="None" formatvalue="" name="photo_id" order="" passnull="false" sms-name="" src="request" sourcevalue="" srcformatvalue="" target="request" targetdatatype="java.lang.String" testvalue="" value="NULL">
            <accessType></accessType>
        </param>
        <param datatype="string" defaultvalue="NULL" description="" encode="true" format="None" formatvalue="" name="title" order="" passnull="false" sms-name="" src="request" sourcevalue="" srcformatvalue="" target="request" targetdatatype="java.lang.String" testvalue="" value="NULL">
            <accessType></accessType>
        </param>
        <param datatype="string" defaultvalue="NULL" description="" encode="true" format="None" formatvalue="" name="designation" order="" passnull="false" sms-name="" src="request" sourcevalue="" srcformatvalue="" target="request" targetdatatype="java.lang.String" testvalue="" value="NULL">
            <accessType></accessType>
        </param>
        <param datatype="string" defaultvalue="NULL" description="" encode="true" format="None" formatvalue="" name="organisation" order="" passnull="false" sms-name="" src="request" sourcevalue="" srcformatvalue="" target="request" targetdatatype="java.lang.String" testvalue="" value="NULL">
            <accessType></accessType>
        </param>
        <param datatype="boolean" defaultvalue="0" description="" encode="true" format="None" formatvalue="" name="is_office365" order="" passnull="false" sms-name="" src="request" sourcevalue="" srcformatvalue="" target="request" targetdatatype="java.lang.String" testvalue="" value="0">
            <accessType></accessType>
        </param>
    </service-input>
    <service-output passthrough="false"/>
</service>
