<?xml version="1.0" encoding="UTF-8" standalone="yes"?>
<service serviceGroup="" cachable="false" cacheduration="" endpoint="default" groupType="" id="konyevents_event_user_register_create" passwordencrypted="false" security="authorized_app_user" type="dataAdapterConnector" smscode="" smsenabled="false">
    <service-config>
        <config-param api-version="" appid="" name="preprocessorname" value=""/>
        <config-param api-version="" appid="" name="postprocessorname" value=""/>
        <config-param api-version="" appid="" name="preprocessorJS" value=""/>
        <config-param api-version="" appid="" name="postprocessorJS" value=""/>
        <config-param api-version="" appid="" name="endpointUrl" value=""/>
        <config-param api-version="" appid="" name="jdbc_driver" value="com.mysql.jdbc.Driver"/>
        <config-param api-version="" appid="" name="jdbc_address" value="jdbc:mysql://10.11.12.137:3306"/>
        <config-param api-version="" appid="" name="user" value="acedev"/>
        <config-param api-version="" appid="" name="password" value="acedev123"/>
        <config-param api-version="" appid="" name="opcode" value="create"/>
        <config-param api-version="" appid="" name="adaptertype" value="KONY_DATABASE"/>
        <config-param api-version="" appid="" name="sockettimeout" value=""/>
        <config-param api-version="" appid="" name="entitymetadata" value="{&quot;tablemetadata&quot;:{&quot;schema&quot;:&quot;konyevents&quot;,&quot;primaryKeyMetaData&quot;:[{&quot;fieldmetadata&quot;:{&quot;jdbcTypeName&quot;:&quot;INT UNSIGNED&quot;,&quot;isUpdatable&quot;:false,&quot;jdbcType&quot;:4,&quot;isNullable&quot;:false,&quot;precision&quot;:0,&quot;name&quot;:&quot;event_user_id&quot;,&quot;isPrimaryKey&quot;:true,&quot;type&quot;:&quot;INT&quot;,&quot;isCreatable&quot;:false,&quot;isAutoGenerated&quot;:true}}],&quot;relationships&quot;:[],&quot;fieldmetadatalist&quot;:[{&quot;fieldmetadata&quot;:{&quot;jdbcTypeName&quot;:&quot;TIMESTAMP&quot;,&quot;isUpdatable&quot;:true,&quot;jdbcType&quot;:93,&quot;isNullable&quot;:false,&quot;precision&quot;:0,&quot;name&quot;:&quot;registered_date&quot;,&quot;isPrimaryKey&quot;:false,&quot;type&quot;:&quot;DATETIME&quot;,&quot;isCreatable&quot;:true,&quot;isAutoGenerated&quot;:false}},{&quot;fieldmetadata&quot;:{&quot;jdbcTypeName&quot;:&quot;BIT&quot;,&quot;isUpdatable&quot;:true,&quot;jdbcType&quot;:-7,&quot;isNullable&quot;:false,&quot;precision&quot;:0,&quot;name&quot;:&quot;status&quot;,&quot;isPrimaryKey&quot;:false,&quot;type&quot;:&quot;BOOLEAN&quot;,&quot;isCreatable&quot;:true,&quot;isAutoGenerated&quot;:false}},{&quot;fieldmetadata&quot;:{&quot;jdbcTypeName&quot;:&quot;BIT&quot;,&quot;isUpdatable&quot;:true,&quot;jdbcType&quot;:-7,&quot;isNullable&quot;:false,&quot;precision&quot;:0,&quot;name&quot;:&quot;is_cancelled&quot;,&quot;isPrimaryKey&quot;:false,&quot;type&quot;:&quot;BOOLEAN&quot;,&quot;isCreatable&quot;:true,&quot;isAutoGenerated&quot;:false}},{&quot;fieldmetadata&quot;:{&quot;jdbcTypeName&quot;:&quot;BIT&quot;,&quot;isUpdatable&quot;:true,&quot;jdbcType&quot;:-7,&quot;isNullable&quot;:false,&quot;precision&quot;:0,&quot;name&quot;:&quot;is_rejected&quot;,&quot;isPrimaryKey&quot;:false,&quot;type&quot;:&quot;BOOLEAN&quot;,&quot;isCreatable&quot;:true,&quot;isAutoGenerated&quot;:false}},{&quot;fieldmetadata&quot;:{&quot;jdbcTypeName&quot;:&quot;TEXT&quot;,&quot;isUpdatable&quot;:true,&quot;jdbcType&quot;:-1,&quot;isNullable&quot;:true,&quot;precision&quot;:0,&quot;name&quot;:&quot;user_remark&quot;,&quot;isPrimaryKey&quot;:false,&quot;type&quot;:&quot;STRING&quot;,&quot;isCreatable&quot;:true,&quot;isAutoGenerated&quot;:false}},{&quot;fieldmetadata&quot;:{&quot;jdbcTypeName&quot;:&quot;TEXT&quot;,&quot;isUpdatable&quot;:true,&quot;jdbcType&quot;:-1,&quot;isNullable&quot;:true,&quot;precision&quot;:0,&quot;name&quot;:&quot;admin_remark&quot;,&quot;isPrimaryKey&quot;:false,&quot;type&quot;:&quot;STRING&quot;,&quot;isCreatable&quot;:true,&quot;isAutoGenerated&quot;:false}},{&quot;fieldmetadata&quot;:{&quot;jdbcTypeName&quot;:&quot;TEXT&quot;,&quot;isUpdatable&quot;:true,&quot;jdbcType&quot;:-1,&quot;isNullable&quot;:true,&quot;precision&quot;:0,&quot;name&quot;:&quot;admin_private_remark&quot;,&quot;isPrimaryKey&quot;:false,&quot;type&quot;:&quot;STRING&quot;,&quot;isCreatable&quot;:true,&quot;isAutoGenerated&quot;:false}},{&quot;fieldmetadata&quot;:{&quot;jdbcTypeName&quot;:&quot;INT UNSIGNED&quot;,&quot;isUpdatable&quot;:true,&quot;jdbcType&quot;:4,&quot;isNullable&quot;:false,&quot;precision&quot;:0,&quot;name&quot;:&quot;event_id&quot;,&quot;isPrimaryKey&quot;:false,&quot;type&quot;:&quot;INT&quot;,&quot;isCreatable&quot;:true,&quot;isAutoGenerated&quot;:false}},{&quot;fieldmetadata&quot;:{&quot;jdbcTypeName&quot;:&quot;BIGINT&quot;,&quot;isUpdatable&quot;:true,&quot;jdbcType&quot;:-5,&quot;isNullable&quot;:false,&quot;precision&quot;:0,&quot;name&quot;:&quot;user_id&quot;,&quot;isPrimaryKey&quot;:false,&quot;type&quot;:&quot;LONG&quot;,&quot;isCreatable&quot;:true,&quot;isAutoGenerated&quot;:false}}],&quot;isView&quot;:false,&quot;catalog&quot;:&quot;konyevents&quot;,&quot;originalSchema&quot;:&quot;konyevents&quot;,&quot;name&quot;:&quot;event_user_register&quot;}}"/>
    </service-config>
    <service-input passthrough="false">
        <param datatype="date" defaultvalue="" description="" encode="true" format="None" formatvalue="" name="registered_date" order="" passnull="false" sms-name="" src="request" sourcevalue="" srcformatvalue="" target="request" targetdatatype="java.lang.String" testvalue="" value="">
            <accessType></accessType>
        </param>
        <param datatype="boolean" defaultvalue="" description="" encode="true" format="None" formatvalue="" name="status" order="" passnull="false" sms-name="" src="request" sourcevalue="" srcformatvalue="" target="request" targetdatatype="java.lang.String" testvalue="" value="">
            <accessType></accessType>
        </param>
        <param datatype="boolean" defaultvalue="" description="" encode="true" format="None" formatvalue="" name="is_cancelled" order="" passnull="false" sms-name="" src="request" sourcevalue="" srcformatvalue="" target="request" targetdatatype="java.lang.String" testvalue="" value="">
            <accessType></accessType>
        </param>
        <param datatype="boolean" defaultvalue="" description="" encode="true" format="None" formatvalue="" name="is_rejected" order="" passnull="false" sms-name="" src="request" sourcevalue="" srcformatvalue="" target="request" targetdatatype="java.lang.String" testvalue="" value="">
            <accessType></accessType>
        </param>
        <param datatype="string" defaultvalue="" description="" encode="true" format="None" formatvalue="" name="user_remark" order="" passnull="false" sms-name="" src="request" sourcevalue="" srcformatvalue="" target="request" targetdatatype="java.lang.String" testvalue="" value="">
            <accessType></accessType>
        </param>
        <param datatype="string" defaultvalue="" description="" encode="true" format="None" formatvalue="" name="admin_remark" order="" passnull="false" sms-name="" src="request" sourcevalue="" srcformatvalue="" target="request" targetdatatype="java.lang.String" testvalue="" value="">
            <accessType></accessType>
        </param>
        <param datatype="string" defaultvalue="" description="" encode="true" format="None" formatvalue="" name="admin_private_remark" order="" passnull="false" sms-name="" src="request" sourcevalue="" srcformatvalue="" target="request" targetdatatype="java.lang.String" testvalue="" value="">
            <accessType></accessType>
        </param>
        <param datatype="number" defaultvalue="" description="" encode="true" format="None" formatvalue="" name="event_id" order="" passnull="false" sms-name="" src="request" sourcevalue="" srcformatvalue="" target="request" targetdatatype="java.lang.String" testvalue="" value="">
            <accessType></accessType>
        </param>
        <param datatype="string" defaultvalue="" description="" encode="true" format="None" formatvalue="" name="user_id" order="" passnull="false" sms-name="" src="request" sourcevalue="" srcformatvalue="" target="request" targetdatatype="java.lang.String" testvalue="" value="">
            <accessType></accessType>
        </param>
    </service-input>
    <service-output passthrough="false"/>
</service>
