<?xml version="1.0" encoding="UTF-8" standalone="yes"?>
<service serviceGroup="" cachable="false" cacheduration="" endpoint="default" groupType="" id="konyevents_session_speaker_update" passwordencrypted="false" security="authorized_app_user" type="dataAdapterConnector" smscode="" smsenabled="false">
    <service-config>
        <config-param api-version="" appid="" name="preprocessorname" value=""/>
        <config-param api-version="" appid="" name="postprocessorname" value=""/>
        <config-param api-version="" appid="" name="preprocessorJS" value=""/>
        <config-param api-version="" appid="" name="postprocessorJS" value=""/>
        <config-param api-version="" appid="" name="endpointUrl" value=""/>
        <config-param api-version="" appid="" name="jdbc_driver" value="com.mysql.jdbc.Driver"/>
        <config-param api-version="" appid="" name="jdbc_address" value="jdbc:mysql://10.11.12.137:3306"/>
        <config-param api-version="" appid="" name="user" value="acedev"/>
        <config-param api-version="" appid="" name="password" value="acedev123"/>
        <config-param api-version="" appid="" name="opcode" value="update"/>
        <config-param api-version="" appid="" name="adaptertype" value="KONY_DATABASE"/>
        <config-param api-version="" appid="" name="sockettimeout" value=""/>
        <config-param api-version="" appid="" name="entitymetadata" value="{&quot;tablemetadata&quot;:{&quot;schema&quot;:&quot;konyevents&quot;,&quot;primaryKeyMetaData&quot;:[{&quot;fieldmetadata&quot;:{&quot;jdbcTypeName&quot;:&quot;INT&quot;,&quot;isUpdatable&quot;:true,&quot;jdbcType&quot;:4,&quot;isNullable&quot;:false,&quot;precision&quot;:0,&quot;name&quot;:&quot;session_speaker_id&quot;,&quot;isPrimaryKey&quot;:true,&quot;type&quot;:&quot;INT&quot;,&quot;isCreatable&quot;:true,&quot;isAutoGenerated&quot;:false}}],&quot;relationships&quot;:[],&quot;fieldmetadatalist&quot;:[{&quot;fieldmetadata&quot;:{&quot;jdbcTypeName&quot;:&quot;INT&quot;,&quot;isUpdatable&quot;:true,&quot;jdbcType&quot;:4,&quot;isNullable&quot;:false,&quot;precision&quot;:0,&quot;name&quot;:&quot;session_speaker_id&quot;,&quot;isPrimaryKey&quot;:true,&quot;type&quot;:&quot;INT&quot;,&quot;isCreatable&quot;:true,&quot;isAutoGenerated&quot;:false}},{&quot;fieldmetadata&quot;:{&quot;jdbcTypeName&quot;:&quot;INT UNSIGNED&quot;,&quot;isUpdatable&quot;:true,&quot;jdbcType&quot;:4,&quot;isNullable&quot;:false,&quot;precision&quot;:0,&quot;name&quot;:&quot;speaker_id&quot;,&quot;isPrimaryKey&quot;:false,&quot;type&quot;:&quot;INT&quot;,&quot;isCreatable&quot;:true,&quot;isAutoGenerated&quot;:false}},{&quot;fieldmetadata&quot;:{&quot;jdbcTypeName&quot;:&quot;INT UNSIGNED&quot;,&quot;isUpdatable&quot;:true,&quot;jdbcType&quot;:4,&quot;isNullable&quot;:false,&quot;precision&quot;:0,&quot;name&quot;:&quot;session_id&quot;,&quot;isPrimaryKey&quot;:false,&quot;type&quot;:&quot;INT&quot;,&quot;isCreatable&quot;:true,&quot;isAutoGenerated&quot;:false}}],&quot;isView&quot;:false,&quot;catalog&quot;:&quot;konyevents&quot;,&quot;originalSchema&quot;:&quot;konyevents&quot;,&quot;name&quot;:&quot;session_speaker&quot;}}"/>
    </service-config>
    <service-input passthrough="false">
        <param datatype="number" defaultvalue="" description="" encode="true" format="None" formatvalue="" name="session_speaker_id" order="" passnull="false" sms-name="" src="request" sourcevalue="" srcformatvalue="" target="request" targetdatatype="java.lang.String" testvalue="" value="">
            <accessType></accessType>
        </param>
        <param datatype="number" defaultvalue="" description="" encode="true" format="None" formatvalue="" name="speaker_id" order="" passnull="false" sms-name="" src="request" sourcevalue="" srcformatvalue="" target="request" targetdatatype="java.lang.String" testvalue="" value="">
            <accessType></accessType>
        </param>
        <param datatype="number" defaultvalue="" description="" encode="true" format="None" formatvalue="" name="session_id" order="" passnull="false" sms-name="" src="request" sourcevalue="" srcformatvalue="" target="request" targetdatatype="java.lang.String" testvalue="" value="">
            <accessType></accessType>
        </param>
    </service-input>
    <service-output passthrough="false"/>
</service>
