[{"name":"image","sourceFieldname":"image","description":"image","dataType":"string","hasIndex":false,"unique":false,"primarykey":false,"namefield":false,"nullable":true,"custom":false,"createable":true,"updateable":true,"audit":false,"customizable":false,"fieldProperties":{"autoGenerated":"false"}},{"name":"rating_average","sourceFieldname":"rating_average","description":"rating_average","dataType":"number","hasIndex":false,"unique":false,"primarykey":false,"namefield":false,"nullable":true,"custom":false,"createable":true,"updateable":true,"audit":false,"customizable":false,"fieldProperties":{"autoGenerated":"false"}},{"name":"rating_value","sourceFieldname":"rating_value","description":"rating_value","dataType":"number","hasIndex":false,"unique":false,"primarykey":false,"namefield":false,"nullable":true,"custom":false,"createable":true,"updateable":true,"audit":false,"customizable":false,"fieldProperties":{"autoGenerated":"false"}},{"name":"review","sourceFieldname":"review","description":"review","dataType":"string","hasIndex":false,"unique":false,"primarykey":false,"namefield":false,"nullable":true,"custom":false,"createable":true,"updateable":true,"audit":false,"customizable":false,"fieldProperties":{"autoGenerated":"false"}},{"name":"speaker_name","sourceFieldname":"speaker_name","description":"speaker_name","dataType":"string","hasIndex":false,"unique":false,"primarykey":false,"namefield":false,"nullable":true,"custom":false,"createable":true,"updateable":true,"audit":false,"customizable":false,"fieldProperties":{"autoGenerated":"false"}}]