<?xml version="1.0" encoding="UTF-8" standalone="yes"?>
<endpoint encryptSecureInfo="false" name="default" type="JSON" url="https://graph.microsoft.com/v1.0/me">
    <config>
        <entry>
            <key>ignorehttpproxy</key>
            <value>true</value>
        </entry>
        <entry>
            <key>identityProviderType</key>
            <value>oauth2</value>
        </entry>
        <entry>
            <key>identityProvider</key>
            <value>azuread</value>
        </entry>
    </config>
</endpoint>
