{"operationConfig":{"name":"konyevents_rating_votes_read7236","cachable":false,"smsEnabled":false,"security":"public","responseEncoding":"UTF-8","httpMethod":"GET","decodeResponseBody":false,"oMapping":"<?xml version=\"1.0\" encoding=\"UTF-8\" standalone=\"yes\"?><mapper xmlns=\"http://www.kony.com/ns/mapper\">  <map inputpath=\"response_in\" outputpath=\"response_out\">    <map inputpath=\"rating_votes\" outputpath=\"rating_votes\">    <set-param inputpath=\"uid\" outputpath=\"uid\"/>    <set-param inputpath=\"rating_id\" outputpath=\"rating_id\"/>    <set-param inputpath=\"device_id\" outputpath=\"device_id\"/>    <set-param inputpath=\"review\" outputpath=\"review\"/>    <set-param inputpath=\"rating_value\" outputpath=\"rating_value\"/>    <set-param inputpath=\"is_disabled\" outputpath=\"is_disabled\"/>    <set-param inputpath=\"rating_vote_id\" outputpath=\"rating_vote_id\"/>    <set-param inputpath=\"ip_address\" outputpath=\"ip_address\"/>    <set-param inputpath=\"review_title\" outputpath=\"review_title\"/>  </map>    </map></mapper>","applyCommonMapping":false,"backendMeta":{"serviceVersion":"1.0","operationName":"konyevents_rating_votes_read","serviceName":"fetchEvents"},"relationshipHierarchyMapping":{"children":[],"name":"rating_votes","selected":true}}}