{"name":"azuread","displayName":"azuread","type":"oauth2","version":"v1","metaPreference":-1,"config":"{\"auth_type\":\"oauth2\",\"additional_data\":{\"refresh_request\":[{\"in\":\"form\",\"value\":\"https://graph.microsoft.com/\",\"key\":\"resource\"}],\"token_request\":[{\"in\":\"form\",\"value\":\"https://graph.microsoft.com/\",\"key\":\"resource\"}],\"profile_request\":[],\"authorize_request\":[]},\"profile\":{\"profile_attribute_selectors\":{\"federation_id\":\"userPrincipalName\"},\"endpoint\":{\"location\":\"url\",\"type\":\"direct\",\"value\":\"https://graph.microsoft.com/v1.0/me\"},\"request_method\":\"GET\"},\"authentication_scheme\":\"header\",\"client_authentication\":{\"authentication_scheme\":\"form\",\"client_secret\":\"bkcHnS0uKE9XIv3xy+ZXUFUrfi0Mb99R+SGKYottd+c=\",\"client_id\":\"f3590b9b-a292-4647-bcc3-12c7b7f03cc8\"},\"authorization_endpoint\":\"https://login.microsoftonline.com/b63981cd-c7f5-47d0-a6f4-01bd854a0af1/oauth2/authorize\",\"token_endpoint\":\"https://login.microsoftonline.com/b63981cd-c7f5-47d0-a6f4-01bd854a0af1/oauth2/token\"}","policyConfig":"{\"def_user_status\":\"pending\",\"max_login_fail\":5}","admissionPolicy":"no_approval_needed"}