{"operationConfig":{"name":"konyevents_vw_speaker_address_details_read5092","cachable":false,"smsEnabled":false,"security":"public","responseEncoding":"UTF-8","httpMethod":"GET","decodeResponseBody":false,"oMapping":"<?xml version=\"1.0\" encoding=\"UTF-8\" standalone=\"yes\"?><mapper xmlns=\"http://www.kony.com/ns/mapper\">          <map inputpath=\"response_in\" outputpath=\"response_out\">                     <map inputpath=\"vw_speaker_address_details\" outputpath=\"speaker\">                            <set-param inputpath=\"ad_latitude\" outputpath=\"ad_latitude\"/>                            <set-param inputpath=\"ad_longitude\" outputpath=\"ad_longitude\"/>                            <set-param inputpath=\"ad_line_two\" outputpath=\"ad_line_two\"/>                            <set-param inputpath=\"speaker_id\" outputpath=\"speaker_id\"/>                            <set-param inputpath=\"speaker_name\" outputpath=\"speaker_name\"/>                            <set-param inputpath=\"ad_website\" outputpath=\"ad_website\"/>                            <set-param inputpath=\"ad_name\" outputpath=\"ad_name\"/>                            <set-param inputpath=\"speaker_fb_detail\" outputpath=\"speaker_fb_detail\"/>                            <set-param inputpath=\"ad_line_one\" outputpath=\"ad_line_one\"/>                            <set-param inputpath=\"speaker_dept\" outputpath=\"speaker_dept\"/>                            <set-param inputpath=\"ad_city\" outputpath=\"ad_city\"/>                            <set-param inputpath=\"speaker_job_title\" outputpath=\"speaker_job_title\"/>                            <set-param inputpath=\"speaker_details\" outputpath=\"speaker_details\"/>                            <set-param inputpath=\"speaker_twitter_detail\" outputpath=\"speaker_twitter_detail\"/>                            <set-param inputpath=\"ad_phone_one\" outputpath=\"ad_phone_one\"/>                            <set-param inputpath=\"speaker_address_id\" outputpath=\"speaker_address_id\"/>                            <set-param inputpath=\"ad_zip\" outputpath=\"ad_zip\"/>                            <set-param inputpath=\"ad_address_id\" outputpath=\"ad_address_id\"/>                            <set-param inputpath=\"speaker_google+_detail\" outputpath=\"speaker_google+_detail\"/>                            <set-param inputpath=\"speaker_linkedin_detail\" outputpath=\"speaker_linkedin_detail\"/>                            <set-param inputpath=\"ad_email\" outputpath=\"ad_email\"/>          <set-param inputpath=\"upload_id\" outputpath=\"upload_id\"/>          <set-param inputpath=\"upload_id_blob\" outputpath=\"upload_id_blob\"/>        </map>          </map></mapper>","applyCommonMapping":false,"backendMeta":{"serviceVersion":"1.0","operationName":"konyevents_vw_speaker_address_details_read","serviceName":"fetchEvents"},"relationshipHierarchyMapping":{"children":[],"name":"speaker","selected":true}}}