[{"name":"floor_map_image_id","sourceFieldname":"floor_map_image_id","description":"floor_map_image_id","dataType":"number","hasIndex":false,"unique":false,"primarykey":false,"namefield":false,"nullable":true,"custom":false,"createable":true,"updateable":true,"audit":false,"customizable":false,"fieldProperties":{"autoGenerated":"false"}},{"name":"venue_hall_description","sourceFieldname":"venue_hall_description","description":"venue_hall_description","dataType":"string","hasIndex":false,"unique":false,"primarykey":false,"namefield":false,"nullable":true,"custom":false,"createable":true,"updateable":true,"audit":false,"customizable":false,"fieldProperties":{"autoGenerated":"false"}},{"name":"venue_hall_name","sourceFieldname":"venue_hall_name","description":"venue_hall_name","dataType":"string","hasIndex":false,"unique":false,"primarykey":false,"namefield":false,"nullable":true,"custom":false,"createable":true,"updateable":true,"audit":false,"customizable":false,"fieldProperties":{"autoGenerated":"false"}},{"name":"venue_id","sourceFieldname":"venue_id","description":"venue_id","dataType":"number","hasIndex":false,"unique":false,"primarykey":false,"namefield":false,"nullable":true,"custom":false,"createable":true,"updateable":true,"audit":false,"customizable":false,"fieldProperties":{"autoGenerated":"false"}}]