{"operationConfig":{"name":"konyevents_vw_event_details_read7297","cachable":false,"smsEnabled":false,"security":"public","responseEncoding":"UTF-8","httpMethod":"GET","decodeResponseBody":false,"oMapping":"<?xml version=\"1.0\" encoding=\"UTF-8\" standalone=\"yes\"?><mapper xmlns=\"http://www.kony.com/ns/mapper\">            <map inputpath=\"response_in\" outputpath=\"response_out\">                        <map inputpath=\"vw_event_details\" outputpath=\"vw_event_details\">             <set-param inputpath=\"start_date\" outputpath=\"start_date\"/>            <set-param inputpath=\"start_time\" outputpath=\"start_time\"/>            <set-param inputpath=\"added_time\" outputpath=\"added_time\"/>            <set-param inputpath=\"added_date\" outputpath=\"added_date\"/>            <set-param inputpath=\"end_date\" outputpath=\"end_date\"/>            <set-param inputpath=\"end_time\" outputpath=\"end_time\"/>            <set-param inputpath=\"venue_name\" outputpath=\"venue_name\"/>                                  <set-param inputpath=\"logo_id\" outputpath=\"logo_id\"/>                                  <set-param inputpath=\"banner_id\" outputpath=\"banner_id\"/>                                  <set-param inputpath=\"registered_users_count\" outputpath=\"registered_users_count\"/>                                  <set-param inputpath=\"is_disabled\" outputpath=\"is_disabled\"/>                                  <set-param inputpath=\"average_rating\" outputpath=\"average_rating\"/>                                  <set-param inputpath=\"title\" outputpath=\"title\"/>                                  <set-param inputpath=\"attending_users_count\" outputpath=\"attending_users_count\"/>                                  <set-param inputpath=\"long_desc\" outputpath=\"long_desc\"/>                                  <set-param inputpath=\"speaker_count\" outputpath=\"speaker_count\"/>                                  <set-param inputpath=\"event_id\" outputpath=\"event_id\"/>                                  <set-param inputpath=\"rating_id\" outputpath=\"rating_id\"/>                                  <set-param inputpath=\"session_count\" outputpath=\"session_count\"/>                                  <set-param inputpath=\"short_desc\" outputpath=\"short_desc\"/>                                  <set-param inputpath=\"venue_id\" outputpath=\"venue_id\"/>            <set-param inputpath=\"banner_id_blob\" outputpath=\"banner_id_blob\"/>             <set-param inputpath=\"logo_id_blob\" outputpath=\"logo_id_blob\"/>      </map>               </map>      </mapper>","applyCommonMapping":false,"backendMeta":{"serviceVersion":"1.0","operationName":"konyevents_vw_event_details_read","serviceName":"fetchEvents"},"relationshipHierarchyMapping":{"children":[],"name":"event_details_read","selected":true}}}