{"operationConfig":{"name":"konyevents_vw_survey_questions_read8724","cachable":false,"smsEnabled":false,"security":"public","responseEncoding":"UTF-8","httpMethod":"GET","decodeResponseBody":false,"oMapping":"<?xml version=\"1.0\" encoding=\"UTF-8\" standalone=\"yes\"?><mapper xmlns=\"http://www.kony.com/ns/mapper\">  <map inputpath=\"response_in\" outputpath=\"response_out\">  <map inputpath=\"vw_survey_questions\" outputpath=\"vw_survey_questions\">    <set-param inputpath=\"question\" outputpath=\"question\"/>    <set-param inputpath=\"session_id\" outputpath=\"session_id\"/>    <set-param inputpath=\"type\" outputpath=\"type\"/>    <set-param inputpath=\"question_id\" outputpath=\"question_id\"/>  </map>  </map></mapper>","applyCommonMapping":false,"backendMeta":{"serviceVersion":"1.0","operationName":"konyevents_vw_survey_questions_read","serviceName":"fetchEvents"},"relationshipHierarchyMapping":{"children":[],"name":"vw_survey_questions","selected":true}}}